year,arm_id,model,group,outcome_stratum,n,outcome_positive_count,mean,std,median,iqr,p10,p25,p50,p75,p90,fraction_ge_0_5
2022,D6_ARM_001,baseline,1,all,12512,729,0.06594543786737,0.07583471438726466,0.04101487990615765,0.04995514351789571,0.015991428614492965,0.024948479951846646,0.04101487990615765,0.07490362346974236,0.14284957585084962,0.004076086956521739
2022,D6_ARM_001,baseline,1,Y0,11783,0,0.061025963388766404,0.06948602330443307,0.03925932881582473,0.04517083605134051,0.015548045777005349,0.024218304925122086,0.03925932881582473,0.0693891409764626,0.12650348455900054,0.003224985148094713
2022,D6_ARM_001,baseline,1,Y1,729,729,0.14546007131234423,0.11818289344646586,0.10996818923941967,0.14319953257929963,0.03632801722367966,0.05685180098992021,0.10996818923941967,0.20005133356921984,0.3052606641193765,0.01783264746227709
2022,D6_ARM_001,baseline,2,all,14938,1040,0.06323430418566736,0.07151858952730822,0.04026768183464152,0.050123811811887686,0.014868817655593048,0.02357856958262186,0.04026768183464152,0.07370238139450955,0.13404183986353996,0.003547998393359218
2022,D6_ARM_001,baseline,2,Y0,13898,0,0.05768905634703133,0.06289417406004909,0.038257052852160495,0.04478283061556963,0.014449986987592459,0.022820837274406123,0.038257052852160495,0.06760366788997575,0.11802190177747134,0.002086631169952511
2022,D6_ARM_001,baseline,2,Y1,1040,1040,0.13733801039851704,0.12131367637549828,0.09777723181532291,0.1223928061806335,0.031598357592170105,0.052887630175870004,0.09777723181532291,0.1752804363565035,0.2956486872147226,0.023076923076923078
2022,D6_ARM_001,fairbias,1,all,12512,729,0.06119042033080271,0.04403716553904828,0.047318874634742575,0.043797965133699754,0.024203619230146776,0.03183915069081819,0.047318874634742575,0.07563711582451794,0.1154981011426445,0.0
2022,D6_ARM_001,fairbias,1,Y0,11783,0,0.05943113028185657,0.04263821521916559,0.04600242253144262,0.041394959615096344,0.0239686708726345,0.03113681860173925,0.04600242253144262,0.0725317782168356,0.11153078450427897,0.0
2022,D6_ARM_001,fairbias,1,Y1,729,729,0.08962624289147815,0.05517721586795657,0.07722255515408832,0.06188152776975599,0.035737353239107886,0.05056646184819007,0.07722255515408832,0.11244798961794605,0.16057229485468602,0.0
2022,D6_ARM_001,fairbias,2,all,14938,1040,0.06717059456079166,0.04866562138474898,0.052324993557383924,0.04824585735135254,0.026016496424876308,0.03478324455811315,0.052324993557383924,0.08302910190946569,0.1280760371853496,6.694336591243807e-05
2022,D6_ARM_001,fairbias,2,Y0,13898,0,0.06463411353103862,0.04627986063361301,0.05056646184819007,0.045760546901844626,0.025680778199408855,0.033950679941007894,0.05056646184819007,0.07971122684285252,0.12208550832349985,7.19527989638797e-05
2022,D6_ARM_001,fairbias,2,Y1,1040,1040,0.10106676124493369,0.06453104557000038,0.08444673404793779,0.07607453949250015,0.03742627663077314,0.05357709821340062,0.08444673404793779,0.12965163770590077,0.18976250211290321,0.0
2022,D6_ARM_002,baseline,1,all,3915,415,0.09818037497782875,0.09711187311061786,0.0642683404973537,0.08489704914699715,0.024790032845516136,0.03666058156871377,0.0642683404973537,0.12155763071571092,0.22038641908392423,0.008173690932311623
2022,D6_ARM_002,baseline,1,Y0,3500,0,0.08936309780526198,0.08864429276486754,0.058560284438853194,0.07369497146259499,0.02387292806100944,0.03496519556865473,0.058560284438853194,0.10866016703124973,0.19700429582750295,0.005714285714285714
2022,D6_ARM_002,baseline,1,Y1,415,415,0.17254295354164478,0.1286343462924867,0.14195917435196215,0.15235901995931214,0.04358391807253921,0.08033978423753954,0.14195917435196215,0.23269880419685168,0.354288862340789,0.02891566265060241
2022,D6_ARM_002,baseline,2,all,18150,1022,0.055238242755636414,0.06380960413779858,0.03544731450706989,0.04110728121731054,0.013831163111823154,0.021537379574593063,0.03544731450706989,0.0626446607919036,0.11470888364777,0.0027548209366391185
2022,D6_ARM_002,baseline,2,Y0,17128,0,0.05082250450410194,0.05622929998675141,0.03409287914411953,0.0376273196386454,0.013581482397267424,0.02102846244246525,0.03409287914411953,0.05865578208111065,0.1032283666257061,0.001693134049509575
2022,D6_ARM_002,baseline,2,Y1,1022,1022,0.12924290495943538,0.11632002557448909,0.09170974874552787,0.11182541969234833,0.03141399229894085,0.04982312972560143,0.09170974874552787,0.16164854941794976,0.2793075598912072,0.02054794520547945
2022,D6_ARM_002,baseline,3,all,3054,210,0.07544267718568731,0.07636123568184569,0.051231508187563946,0.05751126667374004,0.020847799588586794,0.03180962861323158,0.051231508187563946,0.08932089528697162,0.15799013989589036,0.003601833660772757
2022,D6_ARM_002,baseline,3,Y0,2844,0,0.07121346664949561,0.07293627334968748,0.0488514399017641,0.05346981118051144,0.020349199611688847,0.030646400539977726,0.0488514399017641,0.08411621172048916,0.14746349274322273,0.003867791842475387
2022,D6_ARM_002,baseline,3,Y1,210,210,0.1327182713043976,0.09630694729478059,0.0999934330972182,0.12102313548666435,0.0386123027707327,0.061584344137041586,0.0999934330972182,0.18260747962370594,0.28382073264728963,0.0
2022,D6_ARM_002,baseline,4,all,1651,69,0.05376852779471522,0.05273887407995834,0.03826664073867782,0.037797408248126,0.017644796185328326,0.025411278805165083,0.03826664073867782,0.06320868705329108,0.1012674207884882,0.0012113870381586917
2022,D6_ARM_002,baseline,4,Y0,1582,0,0.05164877534291829,0.04962163244564242,0.03767174748028103,0.0353564599138117,0.01749650830379996,0.025080808768913408,0.03767174748028103,0.06043726868272511,0.09700112311261024,0.0012642225031605564
2022,D6_ARM_002,baseline,4,Y1,69,69,0.1023692289359144,0.08797532517177631,0.07472345989973078,0.10315638446874201,0.024994981284561762,0.0393017846516621,0.07472345989973078,0.1424581691204041,0.23023414878591142,0.0
2022,D6_ARM_002,baseline,5,all,185,8,0.10366313316778791,0.09745969099683055,0.07066717209391245,0.09259647100791628,0.023090971574799897,0.03737949965137506,0.07066717209391245,0.12997597065929134,0.22343567836580813,0.005405405405405406
2022,D6_ARM_002,baseline,5,Y0,177,0,0.10113895156513256,0.09702605706705515,0.06940906797975747,0.0893283305827288,0.02275349178865622,0.0365667608616499,0.06940906797975747,0.1258950914443787,0.2096006001272527,0.005649717514124294
2022,D6_ARM_002,baseline,5,Y1,8,8,0.1595106511265376,0.09617757655183408,0.16044019086637185,0.10514695497573634,0.03914507215255407,0.11018480591581442,0.16044019086637185,0.21533176089155076,0.2488864986074748,0.0
2022,D6_ARM_002,baseline,6,all,184,25,0.10223607956039964,0.12349738352203818,0.05984505034884542,0.08684204570271906,0.019038729150061277,0.03236875529886358,0.05984505034884542,0.11921080100158264,0.227555447527339,0.03260869565217391
2022,D6_ARM_002,baseline,6,Y0,159,0,0.08974212025969723,0.10686319478955972,0.05508506568808968,0.07259243049071346,0.01849242479895864,0.030368239574344487,0.05508506568808968,0.10296067006505795,0.20446678506678728,0.018867924528301886
2022,D6_ARM_002,baseline,6,Y1,25,25,0.18169766071286708,0.1830358421786604,0.10353979088641148,0.16198391140798318,0.03414576944270438,0.06784000160451265,0.10353979088641148,0.22982391301249583,0.43724139589392974,0.12
2022,D6_ARM_002,baseline,7,all,314,21,0.0825010946304555,0.09234274743868258,0.056008440549061275,0.05967588957455376,0.02205716316321223,0.03254717167521684,0.056008440549061275,0.0922230612497706,0.16922847885219253,0.012738853503184714
2022,D6_ARM_002,baseline,7,Y0,293,0,0.07404932170838578,0.07952098711589173,0.05260635725172864,0.05339372185190863,0.021778247640398492,0.03151357396396029,0.05260635725172864,0.08490729581586892,0.13939898831300285,0.006825938566552901
2022,D6_ARM_002,baseline,7,Y1,21,21,0.2004234501621902,0.1596201317141823,0.1678635961075617,0.20373873790650962,0.06250095293709661,0.07201193360222988,0.1678635961075617,0.2757506715087395,0.3284186861157169,0.09523809523809523
2022,D6_ARM_002,fairbias,1,all,3915,415,0.08539843035642546,0.06465731120459123,0.06702638388866496,0.06741748759746995,0.028733138070949307,0.04251871271481743,0.06702638388866496,0.10993620031228737,0.16255336283562877,0.0010217113665389529
2022,D6_ARM_002,fairbias,1,Y0,3500,0,0.08083171313404963,0.061373832133800425,0.06383569303653369,0.060771895815286525,0.02782902242325615,0.04113086596315907,0.06383569303653369,0.1019027617784456,0.1549152168388923,0.0008571428571428571
2022,D6_ARM_002,fairbias,1,Y1,415,415,0.12391291295477593,0.07762017687842221,0.10750390227756215,0.08288024400300048,0.0478101965063239,0.0691839376871474,0.10750390227756215,0.15206418169014788,0.2218594412192715,0.0024096385542168677
2022,D6_ARM_002,fairbias,2,all,18150,1022,0.05777384518546082,0.058000862148913236,0.04080115941571952,0.045233680740109736,0.008853334797215782,0.025421418713398605,0.04080115941571952,0.07065509945350834,0.12110108521009161,0.0008815426997245179
2022,D6_ARM_002,fairbias,2,Y0,17128,0,0.05414680780491968,0.0531793968013153,0.03922030888706081,0.042096465190832114,0.008177393135707941,0.024402883873404137,0.03922030888706081,0.06649934906423625,0.11285775525080148,0.0005838393274170948
2022,D6_ARM_002,fairbias,2,Y1,1022,1022,0.11856043643194651,0.0918705559043113,0.09240493814798473,0.09510357822902478,0.03702718857619073,0.05388099207331147,0.09240493814798473,0.14898457030233625,0.2511989285381797,0.005870841487279843
2022,D6_ARM_002,fairbias,3,all,3054,210,0.07661063724693243,0.06322458139900049,0.05971556358562985,0.06096191426025806,0.02235331896649203,0.036552617174858346,0.05971556358562985,0.0975145314351164,0.15098301484413498,0.0006548788474132286
2022,D6_ARM_002,fairbias,3,Y0,2844,0,0.07386819799064206,0.06162033593393777,0.05805194311579788,0.058427355972288306,0.021692562601595352,0.035736484503719426,0.05805194311579788,0.09416384047600773,0.14378072311471837,0.0007032348804500703
2022,D6_ARM_002,fairbias,3,Y1,210,210,0.11375110031783617,0.07247430988537386,0.09815120184022628,0.07819303319186761,0.041868414419991874,0.06292265129142106,0.09815120184022628,0.14111568448328868,0.22294712688329724,0.0
2022,D6_ARM_002,fairbias,4,all,1651,69,0.05724860870668904,0.04392445694957834,0.0452089762499334,0.04091955857051412,0.021017124337064538,0.0304309582866521,0.0452089762499334,0.07135051685716622,0.10750963304745759,0.0
2022,D6_ARM_002,fairbias,4,Y0,1582,0,0.055803036333544054,0.042791139221459704,0.044266218855550064,0.0391850926475944,0.02063595726165907,0.030266451911368092,0.044266218855550064,0.06945154455896249,0.10306284175434413,0.0
2022,D6_ARM_002,fairbias,4,Y1,69,69,0.09039202166778146,0.05549233749906882,0.07954953739515316,0.08720104006926031,0.03320193369237821,0.044201123674494844,0.07954953739515316,0.13140216374375516,0.17065365661504575,0.0
2022,D6_ARM_002,fairbias,5,all,185,8,0.09542071946319823,0.08544098777226801,0.07510761154043116,0.08929923981303942,0.02085667929830784,0.039453471580496585,0.07510761154043116,0.128752711393536,0.17944554644505223,0.005405405405405406
2022,D6_ARM_002,fairbias,5,Y0,177,0,0.09397799387822534,0.0841857222845147,0.06875550349506794,0.08103595468141767,0.02296547679671999,0.039453471580496585,0.06875550349506794,0.12048942626191425,0.17845663825004945,0.005649717514124294
2022,D6_ARM_002,fairbias,5,Y1,8,8,0.12734102303072325,0.1117118158815038,0.11606529089967063,0.07180406236672451,0.015631543441149063,0.07129345446292959,0.11606529089967063,0.1430975168296541,0.23015028885359268,0.0
2022,D6_ARM_002,fairbias,6,all,184,25,0.10017697014133276,0.10043214589807684,0.06644502293045361,0.08027720505509146,0.02074887692553631,0.03788896368755375,0.06644502293045361,0.11816616874264521,0.22106597453932403,0.010869565217391304
2022,D6_ARM_002,fairbias,6,Y0,159,0,0.09286379444466965,0.09803667782259097,0.06054865614134596,0.06764489319186731,0.018215916158602862,0.036828228291631314,0.06054865614134596,0.10447312148349863,0.1955039783290176,0.012578616352201259
2022,D6_ARM_002,fairbias,6,Y1,25,25,0.14668876757210994,0.10501889861705281,0.11808599956042701,0.13322727946079166,0.043574728473580675,0.07483241990996481,0.11808599956042701,0.20805969937075647,0.2954458876585344,0.0
2022,D6_ARM_002,fairbias,7,all,314,21,0.07179695033150667,0.05786631405640141,0.05480857233152623,0.04877627250649945,0.02777660816012621,0.03787690779451153,0.05480857233152623,0.08665318030101098,0.13836956259246275,0.0
2022,D6_ARM_002,fairbias,7,Y0,293,0,0.0656111629402192,0.04825236007631673,0.05003905375147838,0.04631089000620449,0.02769594105769364,0.03676061189518985,0.05003905375147838,0.08307150190139434,0.11829616828758856,0.0
2022,D6_ARM_002,fairbias,7,Y1,21,21,0.15810341250518453,0.10014657138672488,0.13583405404142837,0.10601884448477626,0.06507571899395737,0.0809474779222439,0.13583405404142837,0.18696632240702016,0.2875897938686516,0.0
2022,D6_ARM_003,baseline,1,all,2846,314,0.11287033078694614,0.10783255141488403,0.07772595945918363,0.09568795235076732,0.027748805096537408,0.04477726336504828,0.07772595945918363,0.1404652157158156,0.23801709937727009,0.014757554462403373
2022,D6_ARM_003,baseline,1,Y0,2532,0,0.10105640218421007,0.09395059804209566,0.07285303212209668,0.08535406344492488,0.02656183382648547,0.04235767356252198,0.07285303212209668,0.12771173700744687,0.20505305136655497,0.007503949447077409
2022,D6_ARM_003,baseline,1,Y1,314,314,0.20813423913767154,0.15518554086283198,0.1583536096804479,0.1930984310466835,0.06090204729733902,0.08856556744009315,0.1583536096804479,0.28166399848677665,0.4375401711573987,0.0732484076433121
2022,D6_ARM_003,baseline,2,all,24605,1456,0.05890374943969622,0.06605534229512833,0.03816714552400437,0.044148518509713526,0.014837390947998661,0.023264303151621417,0.03816714552400437,0.06741282166133494,0.12209210367113123,0.002601097337939443
2022,D6_ARM_003,baseline,2,Y0,23149,0,0.054682911999483094,0.060352981042387385,0.036599851953250245,0.04029505648222628,0.014521714587662812,0.02262460753120912,0.036599851953250245,0.0629196640134354,0.10959587292241947,0.0021167221046265497
2022,D6_ARM_003,baseline,2,Y1,1456,1456,0.12601100624154649,0.10509141186149017,0.09376506572766544,0.11656429560727226,0.032054051358735576,0.050012159597547054,0.09376506572766544,0.1665764552048193,0.2671302830879211,0.010302197802197802
2022,D6_ARM_003,fairbias,1,all,2846,314,0.10286778258190724,0.09335106796776049,0.0749901737084277,0.0760700021469575,0.03020547572241332,0.04649800865599865,0.0749901737084277,0.12256801080295615,0.19994782556872331,0.008081517919887562
2022,D6_ARM_003,fairbias,1,Y0,2532,0,0.09341984351953306,0.0811998412595678,0.07042339890407293,0.07030344797701904,0.029225693702762724,0.04420291454113354,0.07042339890407293,0.11450636251815258,0.17781327926391002,0.005924170616113744
2022,D6_ARM_003,fairbias,1,Y1,314,314,0.1790530746390136,0.13909870965781437,0.13341712802025374,0.14712732954583668,0.053120646816099876,0.08117585318813804,0.13341712802025374,0.2283031827339747,0.39939806247463355,0.025477707006369428
2022,D6_ARM_003,fairbias,2,all,24605,1456,0.060062766290928354,0.06504442563935373,0.039408770455118286,0.042690269977409476,0.01790925303360352,0.025245959359993034,0.039408770455118286,0.06793622933740251,0.12258630500017574,0.002438528754318228
2022,D6_ARM_003,fairbias,2,Y0,23149,0,0.05609625334973823,0.05982400496280192,0.0379641927082832,0.0388808333199083,0.017648358783232922,0.02464814250458025,0.0379641927082832,0.06352897582448855,0.1100026426746328,0.0020303252840295476
2022,D6_ARM_003,fairbias,2,Y1,1456,1456,0.12312650810110042,0.1018543791766082,0.08824122014966373,0.11659062950180445,0.03142975503708344,0.05032486597460066,0.08824122014966373,0.1669154954764051,0.2600286951248133,0.008928571428571428
2022,D6_ARM_004,baseline,1,all,2846,314,0.08271104965502071,0.07838560451016607,0.060686007413330176,0.06588123384465702,0.02259029507096215,0.03622334382891091,0.060686007413330176,0.10210457767356794,0.15921663881427114,0.005270555165144062
2022,D6_ARM_004,baseline,1,Y0,2532,0,0.07490296551385843,0.06877488395829784,0.05645343929346681,0.05995726825419746,0.02156106064156144,0.033933538574469735,0.05645343929346681,0.0938908068286672,0.14362811616601964,0.004344391785150079
2022,D6_ARM_004,baseline,1,Y1,314,314,0.14567305298439293,0.11458804280315901,0.10541554519295565,0.11870093589568437,0.04583898425182787,0.0640227451759584,0.10541554519295565,0.18272368107164277,0.3198198717496188,0.012738853503184714
2022,D6_ARM_004,baseline,2,all,24605,1456,0.06239594853952198,0.0675165360241348,0.04109972008970238,0.04621735015585035,0.016591217991227987,0.02533914032235743,0.04109972008970238,0.07155649047820778,0.12792034364755905,0.0025604551920341396
2022,D6_ARM_004,baseline,2,Y0,23149,0,0.058294608384255764,0.06216052333715442,0.039657561246689184,0.04271775252891784,0.016277788244256526,0.024684551012099237,0.039657561246689184,0.06740230354101708,0.11706358894487467,0.002203118925223552
2022,D6_ARM_004,baseline,2,Y1,1456,1456,0.12760331341195175,0.10530380883644798,0.09519161658011724,0.11776840467825915,0.03262031129106349,0.05197246944703861,0.09519161658011724,0.16974087412529776,0.2725557456424692,0.008241758241758242
2022,D6_ARM_004,fairbias,1,all,2846,314,0.07292574332317703,0.05713367650467784,0.05937527830762114,0.04141582007099792,0.03275555917393575,0.042772506727814075,0.05937527830762114,0.084188326798812,0.11515727656126039,0.0028109627547434997
2022,D6_ARM_004,fairbias,1,Y0,2532,0,0.0685359378618728,0.05130981131263682,0.057111304761181855,0.03974241195089248,0.032128124874728395,0.04192001442204807,0.057111304761181855,0.08166242637294055,0.10710868398177698,0.002764612954186414
2022,D6_ARM_004,fairbias,1,Y1,314,314,0.10832379245700606,0.08347895211035589,0.07705925310105777,0.07032430528222097,0.041587980674764054,0.057008621616747523,0.07705925310105777,0.1273329268989685,0.22146788184925312,0.0031847133757961785
2022,D6_ARM_004,fairbias,2,all,24605,1456,0.06359082236374237,0.058891641230170926,0.045589279962151924,0.037849915496048235,0.027266610845969874,0.03240210811547411,0.045589279962151924,0.07025202361152234,0.11230626740923079,0.002072749441170494
2022,D6_ARM_004,fairbias,2,Y0,23149,0,0.06054926092259142,0.05522713265813255,0.04446970225460325,0.03509073443880753,0.02701144266609119,0.03211137674060319,0.04446970225460325,0.06720211117941072,0.1018820876292104,0.0021167221046265497
2022,D6_ARM_004,fairbias,2,Y1,1456,1456,0.11194872469973367,0.0873866082858267,0.07701431959742625,0.10552649240727036,0.03412277842186354,0.047901502035480575,0.07701431959742625,0.15342799444275093,0.2471569685054681,0.0013736263736263737
2023,D6_ARM_001,baseline,1,all,13351,770,0.06572410200024911,0.0749451371307877,0.041984601449369004,0.0486958946385272,0.01629638385673351,0.02526779026555575,0.041984601449369004,0.07396368490408295,0.13963018707595756,0.004344243876863156
2023,D6_ARM_001,baseline,1,Y0,12581,0,0.060945208321273106,0.06923484775276478,0.040190420534787503,0.04396383759885624,0.015917034344328475,0.024604748420716617,0.040190420534787503,0.06856858601957286,0.12505625720421662,0.003576822192194579
2023,D6_ARM_001,baseline,1,Y1,770,770,0.14380625963037524,0.11231267726606206,0.10931599107918463,0.12741190065085295,0.03986578687253729,0.06479916196860804,0.10931599107918463,0.19221106261946097,0.28364235129787685,0.016883116883116882
2023,D6_ARM_001,baseline,2,all,15926,1159,0.06395618013566566,0.07028247022683412,0.04132636564375837,0.05094014070274865,0.015377611951020349,0.02414728497013826,0.04132636564375837,0.07508742567288691,0.13591570434921463,0.003327891498179078
2023,D6_ARM_001,baseline,2,Y0,14767,0,0.05870856155909737,0.06253179037951222,0.03926882418694948,0.04617265595857957,0.014916618808439506,0.02314053360129635,0.03926882418694948,0.06931318955987592,0.12299499953980175,0.0023024310963635133
2023,D6_ARM_001,baseline,2,Y1,1159,1159,0.1308169079356518,0.11508564264542548,0.09371607064739745,0.11718892454198421,0.03352566837619334,0.05170634584307513,0.09371607064739745,0.16889527038505933,0.2911361119279267,0.01639344262295082
2023,D6_ARM_001,fairbias,1,all,13351,770,0.06166596027673827,0.0439638074471774,0.04840792360056678,0.043159194810621554,0.02423674752101414,0.032742565964791706,0.04840792360056678,0.07590176077541326,0.11542520744072277,7.490075649764063e-05
2023,D6_ARM_001,fairbias,1,Y0,12581,0,0.05954225167080155,0.041493712042109325,0.04711582538495546,0.041334127304344506,0.023970961863523602,0.032222313852069,0.04711582538495546,0.07355644115641351,0.1097985134265357,0.0
2023,D6_ARM_001,fairbias,1,Y1,770,770,0.09636515244724454,0.06410238788700118,0.0775143197754151,0.06777923876407836,0.03704942352058518,0.05188632936557469,0.0775143197754151,0.11966556812965305,0.18130758273570982,0.0012987012987012987
2023,D6_ARM_001,fairbias,2,all,15926,1159,0.06845875282396743,0.04905985808187879,0.05349562900006233,0.04884529799459604,0.026461071140645415,0.03577069579300321,0.05349562900006233,0.08461599378759925,0.13049076792263734,0.0
2023,D6_ARM_001,fairbias,2,Y0,14767,0,0.06596181737344661,0.046782825405685326,0.05178482842063162,0.04618977967797656,0.026193971204684644,0.034822457295524155,0.05178482842063162,0.08101223697350071,0.12457161998785261,0.0
2023,D6_ARM_001,fairbias,2,Y1,1159,1159,0.10027259734324348,0.06402539457420105,0.08390416328435178,0.07372036574383192,0.03781290039755343,0.05514355398843666,0.08390416328435178,0.12886391973226857,0.188960700778992,0.0
2023,D6_ARM_002,baseline,1,all,4380,411,0.09552752840841357,0.09399880801981521,0.06396097764698394,0.08105514684083827,0.023902315333474297,0.036780595275450495,0.06396097764698394,0.11783574211628876,0.20995971102185548,0.007990867579908675
2023,D6_ARM_002,baseline,1,Y0,3969,0,0.08695844293951568,0.0856708291906406,0.05922966476410072,0.07062035438794165,0.02305913184518453,0.0352256950042692,0.05922966476410072,0.10584604939221084,0.18453890298549236,0.0062988158226253465
2023,D6_ARM_002,baseline,1,Y1,411,411,0.17827862384893844,0.12555145891837444,0.14619512871878607,0.16115752899257205,0.04922569165928144,0.08101643145961604,0.14619512871878607,0.2421739604521881,0.3617576323043534,0.024330900243309004
2023,D6_ARM_002,baseline,2,all,19370,1151,0.056370943299005105,0.06375036013989276,0.0366749029526532,0.04221445974411764,0.014368426928667747,0.022037379600085952,0.0366749029526532,0.06425183934420359,0.1168530694979243,0.0021683014971605576
2023,D6_ARM_002,baseline,2,Y0,18219,0,0.05210659200830298,0.05748447933736491,0.03516328274311992,0.03848900169584106,0.01408339887859337,0.0214221655201078,0.03516328274311992,0.05991116721594886,0.1052977504998339,0.0016466326362588506
2023,D6_ARM_002,baseline,2,Y1,1151,1151,0.12387069670065767,0.10608222241356577,0.09213220116411042,0.10716898505755262,0.03186524861469529,0.05346961732926736,0.09213220116411042,0.16063860238681998,0.26085424076782987,0.010425716768027803
2023,D6_ARM_002,baseline,3,all,3166,238,0.07335840496931027,0.07548817469306784,0.05045750707633717,0.05550008203258053,0.020302615984960852,0.030870030870944087,0.05045750707633717,0.08637011290352462,0.14766562853479412,0.0066329753632343655
2023,D6_ARM_002,baseline,3,Y0,2928,0,0.06931216024819647,0.07089453410260917,0.04836041587280637,0.051563412671980245,0.019836160574032296,0.03015284396812159,0.04836041587280637,0.08171625664010183,0.13959261411237664,0.00546448087431694
2023,D6_ARM_002,baseline,3,Y1,238,238,0.12313741565595396,0.10647291767873555,0.08962479943807651,0.09744720445301194,0.03559847446569636,0.05278961396137324,0.08962479943807651,0.1502368184143852,0.2542173028736573,0.02100840336134454
2023,D6_ARM_002,baseline,4,all,1645,56,0.05352160551231009,0.05543624517175814,0.03934424585859606,0.03393112258224082,0.017900999544212523,0.02646630203269144,0.03934424585859606,0.060397424614932256,0.095748526127834,0.00303951367781155
2023,D6_ARM_002,baseline,4,Y0,1589,0,0.051893597204812354,0.05345772011610529,0.03881298963959421,0.03303156383998588,0.01772331895818959,0.026097924875141162,0.03881298963959421,0.05912948871512704,0.09309975739583899,0.0031466331025802393
2023,D6_ARM_002,baseline,4,Y1,56,56,0.09971634123755797,0.08426351858838131,0.07184300272999508,0.07468966688178977,0.03135024708663562,0.04944495065068849,0.07184300272999508,0.12413461753247826,0.2063373870548918,0.0
2023,D6_ARM_002,baseline,5,all,193,9,0.10370082287068108,0.09848756759224535,0.06726211215971495,0.09437288360654023,0.024867202320399705,0.0383512326883399,0.06726211215971495,0.13272411629488012,0.21546625903541478,0.0051813471502590676
2023,D6_ARM_002,baseline,5,Y0,184,0,0.09466099738369393,0.08481370293969312,0.06635807541102813,0.08342495420020901,0.023434114251251272,0.0375342829446897,0.06635807541102813,0.12095923714489872,0.19315927837478677,0.0
2023,D6_ARM_002,baseline,5,Y1,9,9,0.2885150328268624,0.1671576026014157,0.20527215330688595,0.24346288024841478,0.1448123959309641,0.16400846792665097,0.20527215330688595,0.40747134817506575,0.4945698916133897,0.1111111111111111
2023,D6_ARM_002,baseline,6,all,216,34,0.0943501480696294,0.09117087091406323,0.06610278627981443,0.08862309522324313,0.02363064249885318,0.03406942874354762,0.06610278627981443,0.12269252396679076,0.20519004334294533,0.013888888888888888
2023,D6_ARM_002,baseline,6,Y0,182,0,0.08932739091148434,0.08511335972250776,0.062162483865053395,0.08439230715315774,0.023329579861814588,0.03157135395702836,0.062162483865053395,0.11596366111018609,0.2033821162591435,0.01098901098901099
2023,D6_ARM_002,baseline,6,Y1,34,34,0.1212366716808765,0.11634880215259881,0.10363800083309806,0.09475761586453345,0.03297831853388964,0.04765734640976889,0.10363800083309806,0.14241496227430234,0.20679551112152383,0.029411764705882353
2023,D6_ARM_002,baseline,7,all,313,32,0.08305691668504528,0.08322825735294385,0.055538349563970364,0.06173795331395056,0.023199773467984335,0.034955670437472275,0.055538349563970364,0.09669362375142283,0.1689820683445481,0.006389776357827476
2023,D6_ARM_002,baseline,7,Y0,281,0,0.07550470370758147,0.07180948859881305,0.05195829855909905,0.05675941811040262,0.023067938982028153,0.032639126975128656,0.05195829855909905,0.08939854508553127,0.15111115501426114,0.0
2023,D6_ARM_002,baseline,7,Y1,32,32,0.1493747868933993,0.13447537330943585,0.11156297447806186,0.09928521170553578,0.04406576487257129,0.06518181670611259,0.11156297447806186,0.16446702841164837,0.2650579792108568,0.0625
2023,D6_ARM_002,fairbias,1,all,4380,411,0.08516093863305678,0.06343918911342587,0.06751229587520977,0.06591740327317792,0.02779775098410197,0.042804940356459195,0.06751229587520977,0.10872234362963712,0.16519352998571205,0.0006849315068493151
2023,D6_ARM_002,fairbias,1,Y0,3969,0,0.0802501583951282,0.059361991330240095,0.06468203025155166,0.06154950445083206,0.027135137374214337,0.04101480856196274,0.06468203025155166,0.1025643130127948,0.15487051757192408,0.0005039052658100278
2023,D6_ARM_002,fairbias,1,Y1,411,411,0.132584020784732,0.07995068038467626,0.1117093511763286,0.08921636236044196,0.05334436858590343,0.07570348103999826,0.1117093511763286,0.16491984340044022,0.2483007285485708,0.0024330900243309003
2023,D6_ARM_002,fairbias,2,all,19370,1151,0.058678346195508935,0.05873042914076635,0.04183565065443663,0.04611084972026179,0.008922849602474007,0.025700825542114777,0.04183565065443663,0.07181167526237657,0.12353055189144432,0.0009292720702116675
2023,D6_ARM_002,fairbias,2,Y0,18219,0,0.05492195149312418,0.053983582039891745,0.04018912331180055,0.04265172846383358,0.008352704052460268,0.024624575180482583,0.04018912331180055,0.06727630364431617,0.11388497927660998,0.0006037652999615786
2023,D6_ARM_002,fairbias,2,Y1,1151,1151,0.11813773375654103,0.09036662003369599,0.0913449753750208,0.09694972467692389,0.03684288768502497,0.05665910807317658,0.0913449753750208,0.15360883275010048,0.2295330845356966,0.006081668114682885
2023,D6_ARM_002,fairbias,3,all,3166,238,0.07643575344611059,0.06296821252888438,0.05935481988824948,0.05932063126498366,0.02103983678125495,0.03627738957218099,0.05935481988824948,0.09559802083716465,0.15125612101089772,0.0
2023,D6_ARM_002,fairbias,3,Y0,2928,0,0.07352491219783042,0.06048824899361211,0.05717341042274903,0.056964204296752655,0.019819980647581302,0.03512120117622046,0.05717341042274903,0.09208540547297311,0.1448570665447203,0.0
2023,D6_ARM_002,fairbias,3,Y1,238,238,0.11224643905520436,0.079815186416363,0.08914643080471782,0.07156847735882205,0.04230865042454434,0.05975405800331161,0.08914643080471782,0.13132253536213365,0.21326798601649127,0.0
2023,D6_ARM_002,fairbias,4,all,1645,56,0.05472975743563394,0.04323965716660874,0.04490976045754105,0.03556427726958101,0.020357458025031187,0.03039742313666994,0.04490976045754105,0.06596170040625095,0.09948044836489219,0.0006079027355623101
2023,D6_ARM_002,fairbias,4,Y0,1589,0,0.05378585773945584,0.042413845618777674,0.04374677783488926,0.03421492019233471,0.020122309922872034,0.03016431285197383,0.04374677783488926,0.06437923304430854,0.09800542220561032,0.0006293266205160479
2023,D6_ARM_002,fairbias,4,Y1,56,56,0.08151291131468737,0.056478449541525574,0.06258428588853242,0.04791208181616165,0.031084097329772752,0.04726351307923317,0.06258428588853242,0.09517559489539482,0.17164167185629617,0.0
2023,D6_ARM_002,fairbias,5,all,193,9,0.09919332739793285,0.07991013031936242,0.07645857766243809,0.07891335038107593,0.02544012320712871,0.04593243703720226,0.07645857766243809,0.12484578741827819,0.20818197855509582,0.0051813471502590676
2023,D6_ARM_002,fairbias,5,Y0,184,0,0.09056764563667555,0.0651635412796019,0.0738924103157286,0.07403542866714043,0.024660954496286143,0.04509047111953143,0.0738924103157286,0.11912589978667186,0.1798581940249985,0.0
2023,D6_ARM_002,fairbias,5,Y1,9,9,0.2755405989614157,0.13937132591996693,0.25528616288672296,0.1997836511828164,0.1035154188142994,0.19156028917961967,0.25528616288672296,0.3913439403624361,0.43109537932821584,0.1111111111111111
2023,D6_ARM_002,fairbias,6,all,216,34,0.08859863945416956,0.07112776173986947,0.06775687793408564,0.0821476249246521,0.024626641657920764,0.04009251320563946,0.06775687793408564,0.12224013813029155,0.1854914359228871,0.0
2023,D6_ARM_002,fairbias,6,Y0,182,0,0.0852772357554051,0.06948489777748154,0.06590781772045462,0.07896197755668313,0.023242041517415647,0.038407132531699854,0.06590781772045462,0.117369110088383,0.18418476359022498,0.0
2023,D6_ARM_002,fairbias,6,Y1,34,34,0.10637791807696755,0.07805756888089822,0.08754006144109266,0.09506312425380448,0.03967744850365917,0.04760270389463356,0.08754006144109266,0.14266582814843803,0.18381161296648318,0.0
2023,D6_ARM_002,fairbias,7,all,313,32,0.07402893547283655,0.05496672147333962,0.05528072135696631,0.059128445524410295,0.027819347686105313,0.036610559366321405,0.05528072135696631,0.0957390048907317,0.1467225275519782,0.0
2023,D6_ARM_002,fairbias,7,Y0,281,0,0.0683314481935731,0.05009068086909884,0.05210152693847416,0.05138629492847867,0.02724153603303577,0.03579777742037768,0.05210152693847416,0.08718407234885635,0.13133020557228073,0.0
2023,D6_ARM_002,fairbias,7,Y1,32,32,0.12405999564386858,0.06976823238845874,0.10485826685484058,0.1066904947140628,0.05253635619748057,0.06508699830018047,0.10485826685484058,0.17177749301424328,0.21464849262978494,0.0
2023,D6_ARM_003,baseline,1,all,3123,351,0.11208038730841963,0.10334851172456581,0.07889404337218674,0.09845253026887563,0.028637132216901968,0.04447759272336437,0.07889404337218674,0.14293012299224,0.23388636193075826,0.011527377521613832
2023,D6_ARM_003,baseline,1,Y0,2772,0,0.10133459532960609,0.09118315460607064,0.07179202190655412,0.08941996970181564,0.02718124095753271,0.04168639112574481,0.07179202190655412,0.13110636082756044,0.20790621555669955,0.007215007215007215
2023,D6_ARM_003,baseline,1,Y1,351,351,0.19694459062828035,0.1459817639836324,0.15120224657944747,0.18699399611293027,0.05419982760898409,0.08754880138414761,0.15120224657944747,0.2745427974970779,0.4080010932336863,0.045584045584045586
2023,D6_ARM_003,baseline,2,all,26159,1580,0.05916107105223108,0.06545009711826745,0.03913889129710343,0.04451513240288639,0.01527537285939694,0.02355322562128266,0.03913889129710343,0.06806835802416905,0.12175603842316257,0.002828854314002829
2023,D6_ARM_003,baseline,2,Y0,24579,0,0.055101828876137064,0.06030559876188346,0.037544521438133624,0.04078662343806138,0.014900402480009994,0.022894816434770045,0.037544521438133624,0.06368143987283142,0.11018164282002511,0.0024004231254322796
2023,D6_ARM_003,baseline,2,Y1,1580,1580,0.12230797829667074,0.10054854883790834,0.0921630069352078,0.10860599309571155,0.03358561127421095,0.052108419447958756,0.0921630069352078,0.1607144125436703,0.25706166532335367,0.00949367088607595
2023,D6_ARM_003,fairbias,1,all,3123,351,0.10111520150917165,0.08693923734689875,0.07459841787821124,0.07898893428352705,0.030700305358533915,0.04579271749567169,0.07459841787821124,0.12478165177919873,0.19810037169269487,0.005443483829650976
2023,D6_ARM_003,fairbias,1,Y0,2772,0,0.09353224063918499,0.07818091133350585,0.07058664075337681,0.07186337351604823,0.029680998359225042,0.044121800362628846,0.07058664075337681,0.11598517387867707,0.18130259397616422,0.0036075036075036075
2023,D6_ARM_003,fairbias,1,Y1,351,351,0.16100114889265615,0.12238311008495123,0.12217702419509475,0.1259946340820449,0.04921888631885001,0.07640792832177148,0.12217702419509475,0.20240256240381638,0.3362263630089527,0.019943019943019943
2023,D6_ARM_003,fairbias,2,all,26159,1580,0.060276240051264876,0.06441104216493314,0.040282052928771205,0.042371061601402624,0.01823798884632747,0.02578609129085312,0.040282052928771205,0.06815715289225574,0.12295547376850187,0.002867082075002867
2023,D6_ARM_003,fairbias,2,Y0,24579,0,0.056424785024223045,0.05957673966088394,0.03874822978610515,0.0384275438303395,0.01799703019237243,0.025205536311205146,0.03874822978610515,0.06363308014154465,0.1109272612956003,0.002522478538589853
2023,D6_ARM_003,fairbias,2,Y1,1580,1580,0.12019074201940484,0.09827709590301495,0.08886695413249505,0.10298421956153084,0.03357841342297814,0.05098602061981116,0.08886695413249505,0.153970240181342,0.2506547254419993,0.008227848101265823
2023,D6_ARM_004,baseline,1,all,3123,351,0.08228800297047734,0.07492122136843311,0.062313565882502114,0.06754933297432905,0.02302273140908259,0.036256381201149296,0.062313565882502114,0.10380571417547835,0.15749325153067345,0.005123278898495036
2023,D6_ARM_004,baseline,1,Y0,2772,0,0.07514806213135504,0.06575993406347376,0.05828365394051761,0.06147247423879518,0.02205461986799442,0.03429175440144833,0.05828365394051761,0.0957642286402435,0.14528350750587338,0.003968253968253968
2023,D6_ARM_004,baseline,1,Y1,351,351,0.13867522805893037,0.11063746085400955,0.11103204863603647,0.10039629178700875,0.040488863314046504,0.06590117071964648,0.11103204863603647,0.16629746250665522,0.2819607935957923,0.014245014245014245
2023,D6_ARM_004,baseline,2,all,26159,1580,0.06255658620196758,0.06675159674280491,0.04237042443128023,0.047318383932898396,0.01699707330595677,0.02572404218339793,0.04237042443128023,0.07304242611629633,0.1265159410663875,0.00301999311900302
2023,D6_ARM_004,baseline,2,Y0,24579,0,0.05863284923101353,0.061882306547805487,0.04069762118397698,0.043580211161678636,0.016664907639900323,0.025070540088577384,0.04069762118397698,0.06865075125025602,0.11516724407603408,0.0026445339517474267
2023,D6_ARM_004,baseline,2,Y1,1580,1580,0.12359552987860029,0.10119488195220704,0.0911542003969923,0.10529139508540544,0.03380393769622835,0.052485037331476726,0.0911542003969923,0.15777643241688216,0.2580432060747962,0.008860759493670886
2023,D6_ARM_004,fairbias,1,all,3123,351,0.07265633720824397,0.05439357279953626,0.06081796146253606,0.03913619148085174,0.033208007247495765,0.04419344697738135,0.06081796146253606,0.08332963845823309,0.11651116628260809,0.002561639449247518
2023,D6_ARM_004,fairbias,1,Y0,2772,0,0.06938402277351058,0.0501402687403041,0.059144289345789816,0.03803197901900038,0.03274725549297312,0.043309899280994324,0.059144289345789816,0.0813418782999947,0.10942562734434116,0.0025252525252525255
2023,D6_ARM_004,fairbias,1,Y1,351,351,0.09849923069280504,0.07571404970993721,0.07491771791254977,0.06252349640637253,0.04274215244281906,0.0529254798340874,0.07491771791254977,0.11544897624045994,0.18886026980037915,0.002849002849002849
2023,D6_ARM_004,fairbias,2,all,26159,1580,0.06381219789897016,0.05809855162729852,0.04669370553220572,0.037870349277987325,0.027785927163861603,0.033198039611614424,0.04669370553220572,0.07106838888960175,0.11148529352522253,0.0022554378990022553
2023,D6_ARM_004,fairbias,2,Y0,24579,0,0.06093884301981802,0.05455849477669632,0.0456705618148426,0.03560099631929707,0.02763606514702533,0.03276814972936752,0.0456705618148426,0.06836914604866459,0.10191994599025156,0.002319052849993897
2023,D6_ARM_004,fairbias,2,Y1,1580,1580,0.10851105206016019,0.08635706208375417,0.07449954431054784,0.09193009953141076,0.03517675753496744,0.04806355763301275,0.07449954431054784,0.13999365716442352,0.23910988303997543,0.0012658227848101266
2024,D6_ARM_001,baseline,1,all,14852,1046,0.06611715032659349,0.07442579136856671,0.04245721522649509,0.04981199845326373,0.01602946863558397,0.02538127264432244,0.04245721522649509,0.07519327109758617,0.14128469827850154,0.0037032049555615404
2024,D6_ARM_001,baseline,1,Y0,13806,0,0.0608857473691538,0.066945020053402,0.04045052574613013,0.04510413886693866,0.01564476809474798,0.02468290238152175,0.04045052574613013,0.06978704124846041,0.1239408565194966,0.002607561929595828
2024,D6_ARM_001,baseline,1,Y1,1046,1046,0.1351656677552859,0.11992344507520673,0.09443434172279046,0.12604410929370904,0.03424879780835046,0.05163271355172441,0.09443434172279046,0.17767682284543346,0.3012281560537642,0.018164435946462717
2024,D6_ARM_001,baseline,2,all,17498,1517,0.06558089748600995,0.074086459341481,0.04160800714529057,0.05152868962969287,0.015198325918349444,0.024359113701855176,0.04160800714529057,0.07588780333154804,0.14054813119800694,0.004286204137615728
2024,D6_ARM_001,baseline,2,Y0,15981,0,0.05960453667922301,0.0652844461595525,0.039200525388779266,0.046085327948899524,0.014654235470300137,0.023389301902010055,0.039200525388779266,0.06947462985090957,0.12417058057693407,0.002940992428508854
2024,D6_ARM_001,baseline,2,Y1,1517,1517,0.12853951452837134,0.11866127581516869,0.08586563708963166,0.11837334171455782,0.03132724305245305,0.048418042442360754,0.08586563708963166,0.16679138415691858,0.28575448332956394,0.01845748187211602
2024,D6_ARM_001,fairbias,1,all,14852,1046,0.062177016242488184,0.044741787991279695,0.04889525567066999,0.04359351964325387,0.024502161914926948,0.03286718618369109,0.04889525567066999,0.07646070582694496,0.11529447414308908,6.733099919202801e-05
2024,D6_ARM_001,fairbias,1,Y0,13806,0,0.06028599761571137,0.04275150469624132,0.04768028431003663,0.04154143421727253,0.024165762058337634,0.03231330339857893,0.04768028431003663,0.07385473761585146,0.11163439021745622,7.243227582210633e-05
2024,D6_ARM_001,fairbias,1,Y1,1046,1046,0.08713629268730715,0.060277458330425686,0.07184040253024418,0.06246642379538256,0.03282553620870758,0.045542543369434696,0.07184040253024418,0.10800896716481725,0.1632484495139839,0.0
2024,D6_ARM_001,fairbias,2,all,17498,1517,0.06909285775884821,0.04960367270074566,0.053912437774146116,0.050188892483249405,0.02653897685437938,0.035980842386343324,0.053912437774146116,0.08616973486959273,0.13112610298842672,5.7149388501543034e-05
2024,D6_ARM_001,fairbias,2,Y0,15981,0,0.06675748266100819,0.047580727469114126,0.05206421251890522,0.04754561128410737,0.026144609957995474,0.035191134629280064,0.05206421251890522,0.08273674591338744,0.1254428269186863,6.257430698955009e-05
2024,D6_ARM_001,fairbias,2,Y1,1517,1517,0.09369511843029292,0.06221985500018692,0.07698578335569287,0.06927403139613993,0.03509033344862546,0.04935972049948609,0.07698578335569287,0.11863375189562601,0.1704169225096815,0.0
2024,D6_ARM_002,baseline,1,all,4712,472,0.09721545550683242,0.09726402388828169,0.06162375847672283,0.08523326136908328,0.023982543782971107,0.03609244017357496,0.06162375847672283,0.12132570154265825,0.22199137589725737,0.00870118845500849
2024,D6_ARM_002,baseline,1,Y0,4240,0,0.08810350555469136,0.08645605188186063,0.05737569398199583,0.07294098929737194,0.02338221853909961,0.03475042141492268,0.05737569398199583,0.10769141071229463,0.19773842606995742,0.005424528301886792
2024,D6_ARM_002,baseline,1,Y1,472,472,0.1790685652464045,0.1410303774364082,0.13836625119891707,0.1757968323137365,0.04050656445433024,0.07224882795142591,0.13836625119891707,0.2480456602651624,0.36584730914244024,0.038135593220338986
2024,D6_ARM_002,baseline,2,all,21628,1664,0.057431001755807315,0.06576943845589074,0.037226126349187094,0.04328617800063741,0.014163660175754452,0.022130610826827303,0.037226126349187094,0.06541678882746471,0.1173762080535444,0.002912890697244313
2024,D6_ARM_002,baseline,2,Y0,19964,0,0.05238881688387371,0.057978729613463564,0.03524448533186968,0.0390629177884259,0.01379411013536145,0.021255800862177543,0.03524448533186968,0.06031871865060344,0.10444041152464129,0.0021538769785614106
2024,D6_ARM_002,baseline,2,Y1,1664,1664,0.11792509958229913,0.10924452987437148,0.07999308096596855,0.10489321718652768,0.030581146626862038,0.046977103033575704,0.07999308096596855,0.15187032022010338,0.2583292829223455,0.01201923076923077
2024,D6_ARM_002,baseline,3,all,3237,246,0.07477035823724684,0.07668600897346117,0.05152212575379192,0.055318255273210604,0.02100793093403016,0.030867384189684512,0.05152212575379192,0.08618563946289512,0.1518796519174001,0.004016064257028112
2024,D6_ARM_002,baseline,3,Y0,2991,0,0.0704668778876936,0.0706956809238022,0.05008463367245971,0.05224885678876809,0.020534914491404408,0.030300465023966685,0.05008463367245971,0.08254932181273478,0.13991944485889948,0.0026746907388833165
2024,D6_ARM_002,baseline,3,Y1,246,246,0.127094381511693,0.11706505420343293,0.08582885339008867,0.10904963771286977,0.032977430922209644,0.04987586399462124,0.08582885339008867,0.158925501707491,0.28337318452581317,0.02032520325203252
2024,D6_ARM_002,baseline,4,all,1852,73,0.054269445677673965,0.052588277116022014,0.03981413255353959,0.03586664549213064,0.017883742781950145,0.026465357771727982,0.03981413255353959,0.06233200326385862,0.09684109570306997,0.0010799136069114472
2024,D6_ARM_002,baseline,4,Y0,1779,0,0.05187258082294724,0.04768370064975076,0.038850683025435456,0.03443959233365297,0.017658391141516003,0.026163693404886598,0.038850683025435456,0.06060328573853957,0.09293064846269936,0.0005621135469364812
2024,D6_ARM_002,baseline,4,Y1,73,73,0.11268071384971305,0.10652344840803077,0.06385812969562386,0.10288401371310808,0.0335086331041966,0.04615459397735698,0.06385812969562386,0.14903860769046506,0.2626736170808723,0.0136986301369863
2024,D6_ARM_002,baseline,5,all,266,17,0.09973712131705763,0.09421353623087754,0.06724836212652249,0.08689320700924555,0.024585481682137367,0.03730599380512236,0.06724836212652249,0.12419920081436792,0.21660599410595283,0.007518796992481203
2024,D6_ARM_002,baseline,5,Y0,249,0,0.09867513651062865,0.09478126547803806,0.06582470842529733,0.08741342280121572,0.02443139282425919,0.03631023658079064,0.06582470842529733,0.12372365938200637,0.2155935249414697,0.008032128514056224
2024,D6_ARM_002,baseline,5,Y1,17,17,0.11529207524651769,0.08656329924000138,0.09715248793165304,0.10328267209631463,0.04052374405173776,0.05549787699719751,0.09715248793165304,0.15878054909351214,0.22377518244991398,0.0
2024,D6_ARM_002,baseline,6,all,252,34,0.09856419257438795,0.09281602640659016,0.06660385223143116,0.08402304766805788,0.024688725085983302,0.038478425826791327,0.06660385223143116,0.1225014734948492,0.22454423744014887,0.007936507936507936
2024,D6_ARM_002,baseline,6,Y0,218,0,0.09277050064872483,0.08971400037732474,0.06118258852172636,0.07601918064367097,0.02248356020668453,0.03652526368651919,0.06118258852172636,0.11254444433019016,0.22762884121365665,0.0045871559633027525
2024,D6_ARM_002,baseline,6,Y1,34,34,0.13571198198011045,0.10466913849125285,0.10635709827290135,0.1048204548032314,0.03991043479885302,0.0700046019629236,0.10635709827290135,0.174825056766155,0.21047863027726488,0.029411764705882353
2024,D6_ARM_002,baseline,7,all,408,58,0.08885094670971018,0.08788209800002515,0.062079799974646285,0.06601705375278176,0.02536672629747723,0.03901586483411791,0.062079799974646285,0.10503291858689967,0.17434175520394896,0.00980392156862745
2024,D6_ARM_002,baseline,7,Y0,350,0,0.07817498930926293,0.07615894995185388,0.05737261219010367,0.05704469125145571,0.024448836028379693,0.03726078064660314,0.05737261219010367,0.09430547189805885,0.14806775911779024,0.008571428571428572
2024,D6_ARM_002,baseline,7,Y1,58,58,0.15327482757447808,0.12128597285871676,0.1088962198317761,0.1358682501071458,0.04147356392150229,0.06556546875018385,0.1088962198317761,0.20143371885732964,0.3065156801984752,0.017241379310344827
2024,D6_ARM_002,fairbias,1,all,4712,472,0.08557174528874135,0.0671266182266828,0.06753238403001686,0.06711075116075624,0.027405534945965444,0.041930190502694926,0.06753238403001686,0.10904094166345116,0.16346654921302173,0.0014855687606112054
2024,D6_ARM_002,fairbias,1,Y0,4240,0,0.08071457968829251,0.06172659908902624,0.06488985824275471,0.061753559074075315,0.02689739071164645,0.04086551236227624,0.06488985824275471,0.10261907143635156,0.1533369435273535,0.0004716981132075472
2024,D6_ARM_002,fairbias,1,Y1,472,472,0.12920391085209523,0.09304650356903027,0.10489684819747921,0.09874792647158903,0.041511589800884895,0.06579964595573626,0.10489684819747921,0.1645475724273253,0.24381387464984372,0.01059322033898305
2024,D6_ARM_002,fairbias,2,all,21628,1664,0.05892610073335089,0.05914532959481473,0.04214393923589091,0.04769063312641481,0.008557015236645635,0.025154088294726477,0.04214393923589091,0.07284472142114129,0.12434866934033878,0.001109672646569262
2024,D6_ARM_002,fairbias,2,Y0,19964,0,0.05494319399596813,0.05494319045207376,0.04000360594316961,0.04412056392938747,0.007639311183076684,0.023694181453283166,0.04000360594316961,0.06781474538267064,0.1144802017099613,0.0007513524343818874
2024,D6_ARM_002,fairbias,2,Y1,1664,1664,0.10671140728690214,0.08234096239590952,0.08247215081890094,0.08302540167650868,0.03576557841147928,0.0524019791617358,0.08247215081890094,0.1354273808382445,0.2108484638476249,0.005408653846153846
2024,D6_ARM_002,fairbias,3,all,3237,246,0.07813811726615989,0.07050565910984959,0.05898489232824242,0.0614726864023322,0.01823400683831246,0.03584303003007042,0.05898489232824242,0.09731571643240262,0.15696835078782023,0.0030892801977139327
2024,D6_ARM_002,fairbias,3,Y0,2991,0,0.0754884017111174,0.06850257299935172,0.05696916698910009,0.059348700132565005,0.016746257786847366,0.0347366462055068,0.05696916698910009,0.0940853463380718,0.15287770129039951,0.0026746907388833165
2024,D6_ARM_002,fairbias,3,Y1,246,246,0.11035478078295716,0.08521529121858923,0.0908028472920396,0.08610813614034432,0.03541347976140666,0.055119140829819335,0.0908028472920396,0.14122727697016366,0.2095751507098219,0.008130081300813009
2024,D6_ARM_002,fairbias,4,all,1852,73,0.056097529976310186,0.04333676799256399,0.045812787487346435,0.03709511962705275,0.02108069350526647,0.0302903975153547,0.045812787487346435,0.06738551714240745,0.10363699963944868,0.0005399568034557236
2024,D6_ARM_002,fairbias,4,Y0,1779,0,0.05480032523797732,0.04085305287695575,0.045260487297556946,0.036843802389327565,0.020848072469899608,0.029741498375210576,0.045260487297556946,0.06658530076453814,0.10043435424677978,0.0
2024,D6_ARM_002,fairbias,4,Y1,73,73,0.08771023175020294,0.0775437599343979,0.06227568725265074,0.05159083678379147,0.030778900498635575,0.046937569295232774,0.06227568725265074,0.09852840607902424,0.16141147305852777,0.0136986301369863
2024,D6_ARM_002,fairbias,5,all,266,17,0.09325325018254325,0.08066575100369971,0.06781826488178061,0.08008978637043039,0.02598897525146277,0.04077036329670165,0.06781826488178061,0.12086014966713204,0.19216445993130568,0.0037593984962406013
2024,D6_ARM_002,fairbias,5,Y0,249,0,0.08983255384573209,0.07595997883497303,0.06668669598096102,0.07934319254889627,0.02571790532311303,0.040366169675306346,0.06668669598096102,0.11970936222420261,0.18818376186040872,0.004016064257028112
2024,D6_ARM_002,fairbias,5,Y1,17,17,0.14335639064524763,0.12445290984792251,0.09011450818167442,0.11501169951426388,0.0473406026785723,0.06053177938234423,0.09011450818167442,0.1755434788966081,0.33937147562593956,0.0
2024,D6_ARM_002,fairbias,6,all,252,34,0.10517445965153446,0.09094248314125067,0.07491184511160653,0.0890636124382494,0.027488424425135282,0.04532786101364083,0.07491184511160653,0.13439147345189023,0.24980174978091402,0.0
2024,D6_ARM_002,fairbias,6,Y0,218,0,0.09959544675731175,0.08828587774814273,0.07201830630080414,0.08374090955578264,0.023992010721491534,0.04191039395082749,0.07201830630080414,0.12565130350661013,0.23674223151874102,0.0
2024,D6_ARM_002,fairbias,6,Y1,34,34,0.14094577762037436,0.10063872821616023,0.110323193909445,0.0966620075661811,0.055021361163437504,0.0748529164185128,0.110323193909445,0.1715149239846939,0.2553566143659248,0.0
2024,D6_ARM_002,fairbias,7,all,408,58,0.08358638893429103,0.06521443131787792,0.06529114505765259,0.06212351660429932,0.029526610254645633,0.04056241774962108,0.06529114505765259,0.1026859343539204,0.17276607676322558,0.0
2024,D6_ARM_002,fairbias,7,Y0,350,0,0.07499442586489895,0.05456639044303706,0.05903356285716274,0.05153276929989596,0.02826796906575397,0.03940227005016811,0.05903356285716274,0.09093503935006407,0.14415561929158344,0.0
2024,D6_ARM_002,fairbias,7,Y1,58,58,0.13543444193924323,0.09459428536709036,0.10293224069908895,0.10611873399054994,0.04332304165894846,0.07676354928110762,0.10293224069908895,0.18288228327165756,0.25861609380732387,0.0
2024,D6_ARM_003,baseline,1,all,3705,447,0.11412591174325282,0.10723588339881547,0.07900780755209592,0.09885114486730648,0.028611481082922278,0.0454755116046705,0.07900780755209592,0.14432665647197698,0.2418384972853596,0.015654520917678813
2024,D6_ARM_003,baseline,1,Y0,3258,0,0.10270079240840929,0.09319683964964817,0.07319830798588542,0.08577632848676263,0.027207400164632117,0.04275469075302303,0.07319830798588542,0.12853101923978566,0.21559262728638193,0.009208103130755065
2024,D6_ARM_003,baseline,1,Y1,447,447,0.19739892917707866,0.15546948295660315,0.15642239212469827,0.16929999836998602,0.051561266430622706,0.08621188830836399,0.15642239212469827,0.25551188667835,0.3979648900753063,0.06263982102908278
2024,D6_ARM_003,baseline,2,all,28649,2116,0.059587708146855295,0.06612234782850722,0.03920829261614787,0.04415595814428358,0.014961994289298489,0.023758385197033497,0.03920829261614787,0.06791434334131707,0.12167685472618345,0.002548081957485427
2024,D6_ARM_003,baseline,2,Y0,26533,0,0.05502859293632404,0.059805320311017277,0.03737488249166885,0.040344973146582,0.014542115753923637,0.022887246634070612,0.03737488249166885,0.06323221978065262,0.10960331316643912,0.0020352014472543624
2024,D6_ARM_003,baseline,2,Y1,2116,2116,0.11675547935716982,0.10403328812096982,0.07978238644193518,0.10265024955577284,0.030370800907704304,0.04663905838053392,0.07978238644193518,0.14928930793630676,0.2600160931770795,0.008979206049149339
2024,D6_ARM_003,fairbias,1,all,3705,447,0.10211662190362124,0.090586546891398,0.0737256228414447,0.07910486250382326,0.030959443344920238,0.04628052664808119,0.0737256228414447,0.12538538915190445,0.19948003778182666,0.007557354925775978
2024,D6_ARM_003,fairbias,1,Y0,3258,0,0.09411126856642239,0.07903739558190494,0.06949525136948626,0.07254187033433412,0.029771185272561736,0.04412725307034534,0.06949525136948626,0.11666912340467947,0.18369534020993677,0.003683241252302026
2024,D6_ARM_003,fairbias,1,Y1,447,447,0.16046436501904388,0.1365655522730849,0.11668558044703162,0.11917902769588251,0.047536592316572195,0.07146653332756608,0.11668558044703162,0.1906455610234486,0.35582970526045954,0.035794183445190156
2024,D6_ARM_003,fairbias,2,all,28649,2116,0.0606265945453617,0.06468715693389426,0.040290976027356214,0.04252216701722176,0.018309136997521912,0.025828911026220126,0.040290976027356214,0.06835107804344188,0.12045644810021565,0.00265279765436839
2024,D6_ARM_003,fairbias,2,Y0,26533,0,0.056366694725027304,0.05855466955943633,0.03868315829328003,0.039115177161046,0.017995539531750086,0.025189223693953326,0.03868315829328003,0.06430440085499932,0.1099657313215743,0.0022236460257038407
2024,D6_ARM_003,fairbias,2,Y1,2116,2116,0.11404243666867579,0.10288419419766956,0.07673578407653553,0.09779153061735464,0.03078942575566233,0.04570881659635791,0.07673578407653553,0.14350034721371255,0.2634102336321184,0.008034026465028356
2024,D6_ARM_004,baseline,1,all,3705,447,0.08237425995373394,0.07688305277125797,0.06006776152715533,0.06518588311983936,0.023357658314584865,0.03630689933574282,0.06006776152715533,0.10149278245558219,0.1604203505793101,0.004588394062078272
2024,D6_ARM_004,baseline,1,Y0,3258,0,0.07453918102392468,0.06494347784425113,0.0559117103264708,0.05923944157460247,0.02243563796040049,0.03447520225675291,0.0559117103264708,0.09371464383135537,0.14470772071882423,0.0024554941682013503
2024,D6_ARM_004,baseline,1,Y1,447,447,0.13948094262335053,0.1207200621329324,0.10042492925673328,0.11250219806096722,0.03929869585506845,0.06016968255684994,0.10042492925673328,0.17267188061781716,0.29860345830468443,0.020134228187919462
2024,D6_ARM_004,baseline,2,all,28649,2116,0.06258371352450424,0.06670986849920649,0.04202670945266366,0.0458896890732102,0.01677372590354412,0.02590800243577754,0.04202670945266366,0.07179769150898774,0.1273319024175854,0.0024782714928967852
2024,D6_ARM_004,baseline,2,Y0,26533,0,0.058361654609724416,0.061276181916840256,0.04036895732144777,0.04269928432852107,0.016388369622172633,0.025021117065996586,0.04036895732144777,0.06772040139451765,0.11494767739645372,0.002148268194324049
2024,D6_ARM_004,baseline,2,Y1,2116,2116,0.11552506002065409,0.10074023961532215,0.07777059172954201,0.10112419349401328,0.03117618353079066,0.047825946550118105,0.07777059172954201,0.14895014004413137,0.2605160355810572,0.006616257088846881
2024,D6_ARM_004,fairbias,1,all,3705,447,0.0726725596644368,0.05379672209062026,0.06077442894425527,0.03960844562281893,0.0329664268378262,0.04359361227656677,0.06077442894425527,0.0832020578993857,0.1164968688745968,0.0021592442645074223
2024,D6_ARM_004,fairbias,1,Y0,3258,0,0.06940318865158375,0.046847140208502495,0.05978199981050522,0.038691437220639974,0.032754624928684674,0.043022313513177826,0.05978199981050522,0.0817137507338178,0.11077386479236517,0.001534683855125844
2024,D6_ARM_004,fairbias,1,Y1,447,447,0.09650166650979529,0.08579706860968975,0.06730522609184512,0.05875769629858364,0.03693774764183733,0.04804884542611397,0.06730522609184512,0.10680654172469761,0.20153606017782014,0.006711409395973154
2024,D6_ARM_004,fairbias,2,all,28649,2116,0.06331332306069055,0.05667674649888858,0.04647324358809585,0.037235030941500095,0.02765349747557905,0.03312753476739968,0.04647324358809585,0.07036256570889977,0.11089223250823992,0.0020594087053649344
2024,D6_ARM_004,fairbias,2,Y0,26533,0,0.06060184559069206,0.05327884291541969,0.045321036005625634,0.035127908696156604,0.027615973609907186,0.03274602725368786,0.045321036005625634,0.06787393594984446,0.10148116228683646,0.001997512531564467
2024,D6_ARM_004,fairbias,2,Y1,2116,2116,0.09731314901129084,0.08155935900488133,0.06479450113245966,0.07848185059689146,0.03206583771581739,0.04422026001986129,0.06479450113245966,0.12270211061675275,0.21509625435441143,0.002835538752362949
