arm_id,state_index,year,dp_gap,tpr_gap,fpr_gap,equalized_odds_max_gap
D6_ARM_001,0,2022,0.0005280885631625209,0.0052442756146459865,0.0011383539781422017,0.0052442756146459865
D6_ARM_001,0,2023,0.001016352378684078,0.0004896742601660613,0.0012743910958310659,0.0012743910958310659
D6_ARM_001,0,2024,0.0005829991820541875,0.00029304592565330273,0.00033343049891302635,0.00033343049891302635
D6_ARM_001,1,2022,0.00046114519725008263,0.0015392529281418182,0.0008247123197884045,0.0015392529281418182
D6_ARM_001,1,2023,0.0010284627295556984,0.00037313850946292873,0.0013538760334353898,0.0013538760334353898
D6_ARM_001,1,2024,2.792824277835903e-05,0.001545896033607639,0.00035146038397781184,0.001545896033607639
D6_ARM_001,2,2022,0.00018243565304366287,0.0027698638809749918,0.0005701082291493485,0.0027698638809749918
D6_ARM_001,2,2023,0.0011056021373212583,0.0003821027979785535,0.0013980618431999933,0.0013980618431999933
D6_ARM_001,2,2024,0.00024010285104492882,0.003523483377048643,0.00031202850864758694,0.003523483377048643
D6_ARM_001,3,2022,0.00019541556078851415,2.6379656009285074e-05,0.00041328739997245015,0.00041328739997245015
D6_ARM_001,3,2023,0.0008059991113306955,0.001680804096679851,0.001159607030387021,0.001680804096679851
D6_ARM_001,3,2024,0.00030743385023695655,0.003523483377048643,0.0002395962328254806,0.003523483377048643
D6_ARM_001,4,2022,3.5569013473935995e-05,0.00496201329534663,0.0005239858926837466,0.00496201329534663
D6_ARM_001,4,2023,0.0009073592208394955,0.0004000313750098048,0.0011036548446758444,0.0011036548446758444
D6_ARM_001,4,2024,0.00018689373818475295,0.0017500828721273634,0.00012256514628505117,0.0017500828721273634
D6_ARM_001,5,2022,0.00031632238486853934,0.003038936372269707,0.0006808067218606454,0.003038936372269707
D6_ARM_001,5,2023,0.001032940032091536,0.0004000313750098048,0.0012390919679913454,0.0012390919679913454
D6_ARM_001,5,2024,0.00013992596037369458,0.0017500828721273634,6.984880812805749e-05,0.0017500828721273634
D6_ARM_001,6,2022,0.00026235892670095195,0.0016671942597868538,0.0005369011239328859,0.0016671942597868538
D6_ARM_001,6,2023,0.0010957304377175563,0.0004000313750098048,0.0013068105296490957,0.0013068105296490957
D6_ARM_001,6,2024,0.00026440634806726556,0.00016196301697397712,5.999083929550094e-05,0.00016196301697397712
D6_ARM_001,7,2022,4.854892121878684e-05,0.00496201329534663,0.0005369011239328859,0.00496201329534663
D6_ARM_001,7,2023,0.0007817784095874546,0.0004627813946191852,0.0009004991597025935,0.0009004991597025935
D6_ARM_001,7,2024,0.00011921642570393272,0.0024092786532743642,0.00014744801933826157,0.0024092786532743642
D6_ARM_001,8,2022,3.5569013473935995e-05,0.005782420597235412,0.0005498163551820251,0.005782420597235412
D6_ARM_001,8,2023,0.0015837046805861803,0.002188406933877166,0.0016247502800663914,0.002188406933877166
D6_ARM_001,8,2024,0.00020725695956572273,0.0004972327641730237,5.999083929550094e-05,0.0004972327641730237
D6_ARM_001,9,2022,5.7334167928203925e-05,0.007154162709718265,0.0005369011239328859,0.007154162709718265
D6_ARM_001,9,2023,0.0014845832223452987,0.0008897056351758678,0.0016012175281732443,0.0016012175281732443
D6_ARM_001,9,2024,7.848998294199272e-05,0.0011564285453200245,0.00019030638866269914,0.0011564285453200245
D6_ARM_001,10,2022,7.655256389667254e-05,0.00893610847314551,0.0007785899833228031,0.00893610847314551
D6_ARM_001,10,2023,0.0013083223563388584,0.0012718084331544205,0.0015570317184086411,0.0015570317184086411
D6_ARM_001,10,2024,0.0001826071492545935,3.0880108294648045e-05,0.0003450289091394684,0.0003450289091394684
D6_ARM_001,11,2022,7.655256389667254e-05,0.00893610847314551,0.0007785899833228031,0.00893610847314551
D6_ARM_001,11,2023,0.0014339031675908989,0.0012718084331544205,0.0016924688417241417,0.0016924688417241417
D6_ARM_001,11,2024,0.00036423692544970774,0.000628315672852351,0.00048003549195112455,0.000628315672852351
D6_ARM_001,12,2022,0.00012090682408002523,0.0013717421124828531,0.00021585839689163908,0.0013717421124828531
D6_ARM_001,12,2023,0.0001255808112520407,0.0,0.00013543712331550077,0.00013543712331550077
D6_ARM_001,12,2024,4.696777781105806e-05,0.0002968271634036686,6.257430698955009e-05,0.0002968271634036686
D6_ARM_001,13,2022,6.694336591243807e-05,0.0,7.19527989638797e-05,7.19527989638797e-05
D6_ARM_001,13,2023,1.2110350871620283e-05,0.0012987012987012987,6.771856165775038e-05,0.0012987012987012987
D6_ARM_001,13,2024,5.7149388501543034e-05,0.0,6.257430698955009e-05,6.257430698955009e-05
D6_ARM_001,14,2022,6.694336591243807e-05,0.0,7.19527989638797e-05,7.19527989638797e-05
D6_ARM_001,14,2023,5.0680054754400066e-05,0.0012987012987012987,0.00013543712331550077,0.0012987012987012987
D6_ARM_001,14,2024,2.0363221380969947e-05,0.0009560229445506692,5.271633815699385e-05,0.0009560229445506692
D6_ARM_001,15,2022,6.694336591243807e-05,0.0,7.19527989638797e-05,7.19527989638797e-05
D6_ARM_001,15,2023,7.490075649764063e-05,0.0012987012987012987,0.0,0.0012987012987012987
D6_ARM_001,15,2024,1.0181610690484973e-05,0.0,9.857968832556238e-06,9.857968832556238e-06
D6_ARM_002,0,2022,0.03139730861401522,0.12,0.01760370202514133,0.12
D6_ARM_002,0,2023,0.011720587391728331,0.1111111111111111,0.01098901098901099,0.1111111111111111
D6_ARM_002,0,2024,0.008724007961716004,0.038135593220338986,0.00800931502449209,0.038135593220338986
D6_ARM_002,1,2022,0.025962526005319567,0.09523809523809523,0.01760370202514133,0.09523809523809523
D6_ARM_002,1,2023,0.00693607908373009,0.1111111111111111,0.005794910556815319,0.1111111111111111
D6_ARM_002,1,2024,0.008724007961716004,0.036016949152542374,0.00800931502449209,0.036016949152542374
D6_ARM_002,2,2022,0.02535683248624022,0.09523809523809523,0.01697159077356105,0.09523809523809523
D6_ARM_002,2,2023,0.0068276483170100185,0.1111111111111111,0.005494505494505495,0.1111111111111111
D6_ARM_002,2,2024,0.0063166375261407655,0.036016949152542374,0.006907901420183262,0.036016949152542374
D6_ARM_002,3,2022,0.02535683248624022,0.09523809523809523,0.01697159077356105,0.09523809523809523
D6_ARM_002,3,2023,0.0068276483170100185,0.1111111111111111,0.005494505494505495,0.1111111111111111
D6_ARM_002,3,2024,0.0065601543048033235,0.03177966101694915,0.008032128514056224,0.03177966101694915
D6_ARM_002,4,2022,0.02535683248624022,0.09523809523809523,0.01697159077356105,0.09523809523809523
D6_ARM_002,4,2023,0.006523069274747127,0.1111111111111111,0.005494505494505495,0.1111111111111111
D6_ARM_002,4,2024,0.007081318044641319,0.036016949152542374,0.008032128514056224,0.036016949152542374
D6_ARM_002,5,2022,0.02535683248624022,0.08,0.01697159077356105,0.08
D6_ARM_002,5,2023,0.006574695500869997,0.1111111111111111,0.005494505494505495,0.1111111111111111
D6_ARM_002,5,2024,0.006444645718665087,0.03389830508474576,0.008032128514056224,0.03389830508474576
D6_ARM_002,6,2022,0.02535683248624022,0.08,0.01697159077356105,0.08
D6_ARM_002,6,2023,0.006626321726992868,0.1111111111111111,0.005494505494505495,0.1111111111111111
D6_ARM_002,6,2024,0.005904688915209363,0.03177966101694915,0.008032128514056224,0.03177966101694915
D6_ARM_002,7,2022,0.02535683248624022,0.08,0.01697159077356105,0.08
D6_ARM_002,7,2023,0.009259259259259259,0.1111111111111111,0.006147540983606557,0.1111111111111111
D6_ARM_002,7,2024,0.005358969778658308,0.029661016949152543,0.008032128514056224,0.029661016949152543
D6_ARM_002,8,2022,0.030791615094935873,0.08,0.02326089894966168,0.08
D6_ARM_002,8,2023,0.009259259259259259,0.1111111111111111,0.006147540983606557,0.1111111111111111
D6_ARM_002,8,2024,0.005022033537700363,0.029661016949152543,0.008032128514056224,0.029661016949152543
D6_ARM_002,9,2022,0.030791615094935873,0.08,0.02326089894966168,0.08
D6_ARM_002,9,2023,0.009259259259259259,0.1111111111111111,0.006147540983606557,0.1111111111111111
D6_ARM_002,9,2024,0.0050682698979740825,0.029661016949152543,0.008032128514056224,0.029661016949152543
D6_ARM_002,10,2022,0.030791615094935873,0.08,0.02326089894966168,0.08
D6_ARM_002,10,2023,0.009259259259259259,0.1111111111111111,0.006147540983606557,0.1111111111111111
D6_ARM_002,10,2024,0.007518796992481203,0.0410958904109589,0.008032128514056224,0.0410958904109589
D6_ARM_002,11,2022,0.010869565217391304,0.007827788649706457,0.012578616352201259,0.012578616352201259
D6_ARM_002,11,2023,0.0051813471502590676,0.1111111111111111,0.000878204072671387,0.1111111111111111
D6_ARM_002,11,2024,0.0037593984962406013,0.0136986301369863,0.004016064257028112,0.0136986301369863
D6_ARM_002,12,2022,0.010869565217391304,0.005870841487279843,0.012578616352201259,0.012578616352201259
D6_ARM_002,12,2023,0.0051813471502590676,0.1111111111111111,0.0006293266205160479,0.1111111111111111
D6_ARM_002,12,2024,0.0037593984962406013,0.0136986301369863,0.004016064257028112,0.0136986301369863
D6_ARM_003,0,2022,0.012156457124463931,0.06294620984111429,0.005387227342450859,0.06294620984111429
D6_ARM_003,0,2023,0.008698523207611003,0.036090374697969635,0.004814584089574935,0.036090374697969635
D6_ARM_003,0,2024,0.013106438960193386,0.053660614979933435,0.007172901683500703,0.053660614979933435
D6_ARM_003,1,2022,0.011805086780120991,0.06363302302792748,0.004949084224411442,0.06363302302792748
D6_ARM_003,1,2023,0.008736750968611042,0.03893937754697248,0.004494518866543765,0.03893937754697248
D6_ARM_003,1,2024,0.01256662789406653,0.05189606830666955,0.0068282759967856375,0.05189606830666955
D6_ARM_003,2,2022,0.01075097574709218,0.053392069713725766,0.004992282634709943,0.053392069713725766
D6_ARM_003,2,2023,0.007341247960987167,0.028493634822748748,0.004133768505793405,0.028493634822748748
D6_ARM_003,2,2024,0.012261817128708781,0.0581348879105822,0.005600528912684963,0.0581348879105822
D6_ARM_003,3,2022,0.011305556820961637,0.051580982711555964,0.0059117672810872785,0.051580982711555964
D6_ARM_003,3,2023,0.008096341106299162,0.030392368999963934,0.004855269227294127,0.030392368999963934
D6_ARM_003,3,2024,0.011217100228749392,0.0586074777026427,0.004372781828584287,0.0586074777026427
D6_ARM_003,4,2022,0.010954186476618699,0.04839626933575979,0.0059117672810872785,0.04839626933575979
D6_ARM_003,4,2023,0.0068155213816754046,0.02880918893577121,0.0036916478696046623,0.02880918893577121
D6_ARM_003,4,2024,0.010947194695685964,0.05908006749470319,0.004028156141869223,0.05908006749470319
D6_ARM_003,5,2022,0.010088877204311609,0.04521155595996361,0.005344028932152359,0.04521155595996361
D6_ARM_003,5,2023,0.006457088689519426,0.026593097479173433,0.00361027759416628,0.026593097479173433
D6_ARM_003,5,2024,0.009902477795726573,0.052368658098730037,0.0037589082865339494,0.052368658098730037
D6_ARM_003,6,2022,0.005872433072196358,0.022231749142577167,0.003412503803746278,0.022231749142577167
D6_ARM_003,6,2023,0.003063900572959836,0.01614735475494969,0.0010036547934753719,0.01614735475494969
D6_ARM_003,6,2024,0.004764936342230304,0.026342387603980326,0.0014219063109082897,0.026342387603980326
D6_ARM_003,7,2022,0.005642989165569334,0.016549135577798,0.003893845332084196,0.016549135577798
D6_ARM_003,7,2023,0.002576401754648109,0.01171517184175412,0.0010850250689137544,0.01171517184175412
D6_ARM_003,7,2024,0.004904557271407588,0.0277601569801618,0.0014595952265981853,0.0277601569801618
D6_ARM_004,0,2022,0.0027100999731099226,0.004497095261426472,0.002141272859926527,0.004497095261426472
D6_ARM_004,0,2023,0.0021032857794920164,0.005384254751343359,0.0013237200165065414,0.005384254751343359
D6_ARM_004,0,2024,0.002110122569181487,0.01351797109907258,0.00030722597387730123,0.01351797109907258
D6_ARM_004,1,2022,0.002669457827204619,0.004497095261426472,0.0020980744496280263,0.004497095261426472
D6_ARM_004,1,2023,0.002423490710647956,0.004751343358938296,0.0017251555149760934,0.004751343358938296
D6_ARM_004,1,2024,0.002040312104592845,0.01351797109907258,0.00023184814249750966,0.01351797109907258
D6_ARM_004,2,2022,0.0026025825041988077,0.011802687758101772,0.0013513834444446944,0.011802687758101772
D6_ARM_004,2,2023,0.0022561968234921692,0.006650077536153486,0.0014050902919449239,0.006650077536153486
D6_ARM_004,2,2024,0.002014743197589664,0.011753424425808689,0.0004579816366368835,0.011753424425808689
D6_ARM_004,3,2022,0.0026025825041988077,0.011802687758101772,0.0013513834444446944,0.011802687758101772
D6_ARM_004,3,2023,0.0022944245844922074,0.006650077536153486,0.0014457754296641149,0.006650077536153486
D6_ARM_004,3,2024,0.0017797428968205574,0.011753424425808689,0.0001887337813016106,0.011753424425808689
D6_ARM_004,4,2022,0.0031021124633581637,0.012926961573458389,0.0016599313315886085,0.012926961573458389
D6_ARM_004,4,2023,0.0018069257661804815,0.01108045728298893,0.0006022192950058203,0.01108045728298893
D6_ARM_004,4,2024,0.0007605949038643482,0.008224331079280903,0.00041971431524272327,0.008224331079280903
D6_ARM_004,5,2022,0.0016703979088859068,0.006806887380135787,0.0009996371470022795,0.006806887380135787
D6_ARM_004,5,2023,0.0005881787204011645,0.006648274369793358,0.00015455068549173265,0.006648274369793358
D6_ARM_004,5,2024,0.0002650253953229535,0.005640417316874098,0.0005382065078184139,0.005640417316874098
D6_ARM_004,6,2022,0.0013190275645429692,0.004995800377965983,0.0009132403264052774,0.004995800377965983
D6_ARM_004,6,2023,0.00047349543740104983,0.003166360128385445,0.00012482939982024583,0.003166360128385445
D6_ARM_004,6,2024,0.0002650253953229535,0.005640417316874098,0.0005382065078184139,0.005640417316874098
D6_ARM_004,7,2022,0.002062410399134148,0.00818051375376216,0.0013513834444446944,0.00818051375376216
D6_ARM_004,7,2023,0.0008319281295570279,0.006648274369793358,0.00012482939982024583,0.006648274369793358
D6_ARM_004,7,2024,0.00023012016302863258,0.00611300710893459,0.000613584339198205,0.00611300710893459
D6_ARM_004,8,2022,0.0017110400547912107,0.004308987191152797,0.0013945818547431957,0.004308987191152797
D6_ARM_004,8,2023,0.0008701558905570661,0.0037992715207905087,0.0005262648982897974,0.0037992715207905087
D6_ARM_004,8,2024,0.00023012016302863258,0.00611300710893459,0.000613584339198205,0.00611300710893459
D6_ARM_004,9,2022,0.0007382133135730058,0.0018110870021698048,0.0006478908495598642,0.0018110870021698048
D6_ARM_004,9,2023,0.00030620155024526285,0.0015831800641927225,0.00020619967525862832,0.0015831800641927225
D6_ARM_004,9,2024,9.98355591424879e-05,0.003875870643610205,0.00046282867643862276,0.003875870643610205
