arm_id,year,state_index,preceding_state_index,pathwise_marginal_delta_d_phi,cumulative_delta_from_baseline_d_phi,pathwise_marginal_delta_auroc,cumulative_delta_from_baseline_auroc,pathwise_marginal_delta_auprc,cumulative_delta_from_baseline_auprc,pathwise_marginal_delta_ks_statistic,cumulative_delta_from_baseline_ks_statistic,pathwise_marginal_delta_selection_rate,cumulative_delta_from_baseline_selection_rate,pathwise_marginal_delta_count_predicted_positive,cumulative_delta_from_baseline_count_predicted_positive
D6_ARM_001,2022,1,0,0.0006743307197370017,0.0006743307197370017,4.0700256609738084e-05,4.0700256609738084e-05,-0.0015225823268582295,-0.0015225823268582295,-0.002318902073047413,-0.002318902073047413,3.6429872495446266e-05,3.6429872495446266e-05,1.0,1.0
D6_ARM_001,2022,2,1,-0.004518203365665545,-0.003843872645928543,-0.0033875644625257495,-0.0033468642059160114,-0.0031699349768056218,-0.004692517303663851,-0.006696215772025171,-0.009015117845072584,-0.0003278688524590164,-0.00029143897996357013,-9.0,-8.0
D6_ARM_001,2022,3,2,-8.199303905499528e-05,-0.003925865684983538,-0.0003404381658874689,-0.0036873023718034803,-0.0012208011542582387,-0.00591331845792209,0.003285670742760316,-0.005729447102312268,7.285974499089253e-05,-0.0002185792349726776,2.0,-6.0
D6_ARM_001,2022,4,3,1.7559543663062268e-05,-0.0039083061413204764,-0.002775949005506151,-0.006463251377309631,-0.004821495409386367,-0.010734813867308457,-0.005256804641563861,-0.01098625174387613,-7.285974499089253e-05,-0.00029143897996357013,-2.0,-8.0
D6_ARM_001,2022,5,4,5.216041106916069e-05,-0.0038561457302513156,0.00010658228366922096,-0.00635666909364041,0.0008815984408077349,-0.009853215426500722,-0.0015454871372770351,-0.012531738881153165,-7.285974499089253e-05,-0.00036429872495446266,-2.0,-10.0
D6_ARM_001,2022,6,5,-2.9576903939280215e-05,-0.0038857226341905957,0.00025066207254897943,-0.006106007021091431,-0.00023464494599700902,-0.010087860372497731,-0.001922795465317928,-0.014454534346471093,0.0001092896174863388,-0.00025500910746812386,3.0,-7.0
D6_ARM_001,2022,7,6,-0.00014640730082121362,-0.004032129935011809,-0.0012624893822186234,-0.007368496403310054,-0.0008454489708232815,-0.010933309343321013,0.0004833843348564515,-0.013971150011614641,3.6429872495446266e-05,-0.0002185792349726776,1.0,-6.0
D6_ARM_001,2022,8,7,-0.0002110484004553912,-0.0042431783354672,-0.005735918641221693,-0.013104415044531748,-0.003009493817703379,-0.013942803161024392,-0.007462917036478001,-0.021434067048092642,-7.285974499089253e-05,-0.00029143897996357013,-2.0,-8.0
D6_ARM_001,2022,9,8,1.826560572287827e-06,-0.004241351774894913,-0.00019011796448797913,-0.013294533009019727,-0.0003293719358455349,-0.014272175096869927,0.0018462596122988395,-0.019587807435793803,-0.0001092896174863388,-0.0004007285974499089,-3.0,-11.0
D6_ARM_001,2022,10,9,-2.8419003298564127e-06,-0.004244193675224769,-0.01347757410357786,-0.026772107112597587,-0.0033877497725811057,-0.017659924869451032,-0.02539110492259805,-0.044978912358391854,-7.285974499089253e-05,-0.00047358834244080146,-2.0,-13.0
D6_ARM_001,2022,11,10,1.5241924503542337e-05,-0.004228951750721226,-9.185623084495553e-05,-0.026863963343442543,8.987572488128315e-05,-0.01757004914456975,0.0006928508799609601,-0.044286061478430894,0.0,-0.00047358834244080146,0.0,-13.0
D6_ARM_001,2022,12,11,8.918091713573564e-05,-0.0041397708335854915,-0.04586127587182043,-0.07272523921526297,-0.0549455363790495,-0.07251558552361925,-0.07185776684493711,-0.116143828323368,-0.003169398907103825,-0.0036429872495446266,-87.0,-100.0
D6_ARM_001,2022,13,12,4.4022847723612776e-05,-0.0040957479858618785,-0.0019160817940003794,-0.07464132100926335,-0.00025768842838638784,-0.07277327395200564,-0.006579397891101513,-0.12272322621446952,-0.0001092896174863388,-0.0037522768670309654,-3.0,-103.0
D6_ARM_001,2022,14,13,-7.776686726964374e-05,-0.004173514853131522,0.00012036181889785169,-0.0745209591903655,0.00022486188438430865,-0.07254841206762133,0.0010567318653667002,-0.12166649434910282,0.0,-0.0037522768670309654,0.0,-103.0
D6_ARM_001,2022,15,14,-0.00011120506651539266,-0.004284719919646915,-0.00030301770280671825,-0.07482397689317222,-0.0003124330868197467,-0.07286084515444108,-0.0016072529133976943,-0.12327374726250051,0.0,-0.0037522768670309654,0.0,-103.0
D6_ARM_001,2023,1,0,0.00042925750196270984,0.00042925750196270984,-0.0004404570532384744,-0.0004404570532384744,-0.000931241910130387,-0.000931241910130387,-0.0015305863644231033,-0.0015305863644231033,6.831301021279499e-05,6.831301021279499e-05,2.0,2.0
D6_ARM_001,2023,2,1,-0.0035052042688977327,-0.003075946766935023,-0.0025976369846837377,-0.003038094037922212,-0.0024892728028058364,-0.0034205147129362234,-0.006467246304812546,-0.00799783266923565,-0.00034156505106397537,-0.0002732520408511804,-10.0,-8.0
D6_ARM_001,2023,3,2,-0.0001589147965824348,-0.003234861563517458,0.0004535555135495306,-0.0025845385243726815,-0.0007324029381588493,-0.004152917651095073,0.005443121101881165,-0.002554711567354484,-0.00013662602042558997,-0.00040987806127677036,-4.0,-12.0
D6_ARM_001,2023,4,3,0.00014347960481208037,-0.0030913819587053775,-0.0032021091288647607,-0.005786647653237442,-0.005215404289563241,-0.009368321940658314,-0.0070919348135692895,-0.009646646380923773,-0.00020493903063838496,-0.0006148170919151553,-6.0,-18.0
D6_ARM_001,2023,5,4,-0.00015130415226914684,-0.0032426861109745245,-0.0006912992027265918,-0.006477946855964034,0.0005245374591069107,-0.008843784481551403,0.0005567888201399862,-0.009089857560783787,-6.831301021279499e-05,-0.0006831301021279503,-2.0,-20.0
D6_ARM_001,2023,6,5,-0.00015950985383582545,-0.00340219596481035,-0.0001404719828292933,-0.006618418838793327,-0.00023608810007508252,-0.009079872581626486,0.0007678806494075818,-0.008321976911376205,-3.415650510639771e-05,-0.000717286607234348,-1.0,-21.0
D6_ARM_001,2023,7,6,-1.8967036936816503e-05,-0.0034211630017471663,0.0004128953147546355,-0.006205523524038692,-0.00035756707404849264,-0.009437439655674978,-0.0029579015106486195,-0.011279878422024825,0.00017078252553198768,-0.0005465040817023603,5.0,-16.0
D6_ARM_001,2023,8,7,3.285421614315277e-05,-0.0033883087856040137,-0.0072966385370123454,-0.013502162061051037,-0.002642211197819627,-0.012079650853494606,-0.011283802273377164,-0.02256368069540199,-0.00013662602042558997,-0.0006831301021279503,-4.0,-20.0
D6_ARM_001,2023,9,8,5.809174433022053e-05,-0.003330217041273793,4.153216576208152e-05,-0.013460629895288956,-8.077040530743429e-05,-0.01216042125880204,0.0019333213684301076,-0.02063035932697188,-0.00017078252553198768,-0.000853912627659938,-5.0,-25.0
D6_ARM_001,2023,10,9,0.00011705918480781725,-0.0032131578564659757,-0.01907523467474459,-0.032535864570033546,-0.002189015244969117,-0.014349436503771157,-0.04028970761279477,-0.06092006693976665,0.00017078252553198768,-0.0006831301021279503,5.0,-20.0
D6_ARM_001,2023,11,10,3.349005792058148e-05,-0.0031796677985453945,-0.0002084474946607573,-0.0327443120646943,-0.0001977794301005753,-0.014547215933871732,9.724327264215571e-05,-0.06082282366712449,-6.831301021279499e-05,-0.0007514431123407453,-2.0,-22.0
D6_ARM_001,2023,12,11,0.00011954804029266452,-0.0030601197582527297,-0.038954839920892104,-0.0716991519855864,-0.04258438127520081,-0.05713159720907254,-0.0579992429810261,-0.11882206664815059,-0.002971615944256584,-0.003723059056597329,-87.0,-109.0
D6_ARM_001,2023,13,12,-0.0004177969260886269,-0.0034779166843413568,-0.0019742279926721062,-0.07367337997825851,0.00020639715718911988,-0.05692520005188342,-0.0026845967338543497,-0.12150666338200494,0.0,-0.003723059056597329,0.0,-109.0
D6_ARM_001,2023,14,13,8.643115504068828e-05,-0.0033914855293006685,-5.7881546396298944e-05,-0.07373126152465481,-0.0003348515517369588,-0.05726005160362038,0.0016060494186899144,-0.11990061396331503,3.415650510639751e-05,-0.0036889025514909315,1.0,-108.0
D6_ARM_001,2023,15,14,2.0173242986774756e-05,-0.0033713122863138936,-0.0003680079717494067,-0.07409926949640422,0.000370315643043323,-0.05688973596057706,-0.0017593070910704167,-0.12165992105438544,-6.831301021279501e-05,-0.0037572155617037264,-2.0,-110.0
D6_ARM_001,2024,1,0,0.00010307919261135987,0.00010307919261135987,-0.0012499462793978955,-0.0012499462793978955,-0.0020326172895887007,-0.0020326172895887007,-0.0028220524391406876,-0.0028220524391406876,-3.09119010819172e-05,-3.09119010819172e-05,-1.0,-1.0
D6_ARM_001,2024,2,1,-0.0023489438256257423,-0.0022458646330143824,-0.004341810074313446,-0.005591756353711341,-0.0030149240674625932,-0.005047541357051294,-0.007801076287760944,-0.010623128726901632,-0.00015455950540958253,-0.00018547140649149974,-5.0,-6.0
D6_ARM_001,2024,3,2,-0.0007983064575155112,-0.0030441710905298935,0.0006208077873122164,-0.004970948566399125,0.0003864233509258408,-0.004661118006125453,0.0025102011510230726,-0.008112927575878559,-3.0911901081916333e-05,-0.00021638330757341607,-1.0,-7.0
D6_ARM_001,2024,4,3,0.00012252797118456591,-0.0029216431193453277,-0.0007874415306667881,-0.005758390097065913,-0.0008363322030460474,-0.0054974502091715005,0.0010709933098809743,-0.007041934265997585,-0.00040185471406491494,-0.000618238021638331,-13.0,-20.0
D6_ARM_001,2024,5,4,7.391277550382368e-05,-0.0028477303438415036,-0.0011358444409070856,-0.006894234537972999,-0.0005936464944744924,-0.006091096703645993,-0.0037899860239329897,-0.010831920289930574,-9.273570324574987e-05,-0.0007109737248840809,-3.0,-23.0
D6_ARM_001,2024,6,5,0.00014495945337670408,-0.0027027708904647997,0.0002358401563574697,-0.006658394381615529,0.000146967177311913,-0.00594412952633408,-0.0002429919878136344,-0.011074912277744209,0.0,-0.0007109737248840809,0.0,-23.0
D6_ARM_001,2024,7,6,0.00013325146481659518,-0.0025695194256482043,0.0005800187705449211,-0.006078375611070608,0.0006214292786720921,-0.005322700247661988,0.0077406524809696675,-0.0033342597967745413,6.18238021638331e-05,-0.0006491499227202478,2.0,-21.0
D6_ARM_001,2024,8,7,3.8746798480232113e-05,-0.0025307726271679726,-0.010999857343230057,-0.017078232954300665,-0.006512050635468919,-0.011834750883130907,-0.016562331793606944,-0.019896591590381485,-9.273570324574943e-05,-0.0007418856259659972,-3.0,-24.0
D6_ARM_001,2024,9,8,-0.0005162348346508687,-0.003047007461818841,0.0001773156454656366,-0.01690091730883503,0.00011217268829810667,-0.0117225781948328,0.0009367065404848884,-0.018959885049896597,-0.00015455950540958253,-0.0008964451313755797,-5.0,-29.0
D6_ARM_001,2024,10,9,0.00012187929596298326,-0.0029251281658558576,-0.024120560178070627,-0.041021477486905655,-0.012295704346108771,-0.02401828254094157,-0.038660940852769055,-0.05762082590266565,-0.0001236476043276662,-0.001020092735703246,-4.0,-33.0
D6_ARM_001,2024,11,10,2.5614666179468986e-05,-0.002899513499676389,-0.00044268002911718174,-0.04146415751602284,3.898295023255227e-05,-0.02397929959070902,0.0022771640934417525,-0.0553436618092239,-3.091190108191677e-05,-0.0010510046367851627,-1.0,-34.0
D6_ARM_001,2024,12,11,8.144765663026612e-05,-0.0028180658430461227,-0.0445900842005027,-0.08605424171652554,-0.04881610749280618,-0.0727954070835152,-0.06055343046175382,-0.11589709227097772,-0.002874806800618238,-0.0039258114374034,-93.0,-127.0
D6_ARM_001,2024,13,12,0.00017124360114562196,-0.0026468222419005006,-0.001827155401870617,-0.08788139711839615,-0.001248284333415256,-0.07404369141693046,-0.005652042625282294,-0.12154913489626001,-6.182380216383307e-05,-0.003987635239567234,-2.0,-129.0
D6_ARM_001,2024,14,13,0.00010289748355439532,-0.0025439247583461055,0.00013731909353920102,-0.08774407802485695,0.000162461982632367,-0.07388122943429809,-0.00011543789491680334,-0.12166457279117682,9.273570324574961e-05,-0.003894899536321484,3.0,-126.0
D6_ARM_001,2024,15,14,2.166634374735398e-05,-0.0025222584145987515,-0.0003210072042126866,-0.08806508522906964,-0.000553547877324756,-0.07443477731162285,0.00012241944467183963,-0.12154215334650498,-6.182380216383307e-05,-0.0039567233384853176,-2.0,-128.0
D6_ARM_002,2022,1,0,-0.0014166280372182884,-0.0014166280372182884,-0.0002016656360654956,-0.0002016656360654956,7.987631323772004e-05,7.987631323772004e-05,-7.457283951600724e-05,-7.457283951600724e-05,-0.0001821294576184753,-0.0001821294576184753,-5.0,-5.0
D6_ARM_002,2022,2,1,-0.0002839645816028703,-0.0017005926188211587,0.008344920720712357,0.008143255084646861,0.008205416210169542,0.008285292523407262,0.012980029657552294,0.012905456818036287,0.0004735365898080354,0.0002914071321895601,13.0,8.0
D6_ARM_002,2022,3,2,-6.540058490478364e-05,-0.0017659932037259424,-0.000340593296231706,0.007802661788415155,-0.0014269211706963159,0.006858371352710946,0.00024787219931143856,0.013153329017347726,-0.00021855534914217052,7.28517830473896e-05,-6.0,2.0
D6_ARM_002,2022,4,3,0.0002014338581058893,-0.001564559345620053,0.0004326544565190771,0.008235316244934232,0.00043479358161824244,0.007293164934329188,0.00127064199295579,0.014423971010303516,0.00018212945761847572,0.0002549812406658653,5.0,7.0
D6_ARM_002,2022,5,4,-0.0008686762350686942,-0.0024332355806887473,-0.0007040863936245145,0.0075312298513097176,-0.0005744459598940876,0.006718718974435101,-0.0012189689546009408,0.013205002055702575,-3.64258915236948e-05,0.00021855534914217052,-1.0,6.0
D6_ARM_002,2022,6,5,-0.0005475481637172634,-0.0029807837444060107,0.00013258126954651672,0.007663811120856234,4.3087336987435165e-05,0.006761806311422536,0.0029011474318235697,0.016106149487526145,-0.00010927767457108526,0.00010927767457108526,-3.0,3.0
D6_ARM_002,2022,7,6,-8.09185805061472e-05,-0.003061702324912158,-0.0014290487827359755,0.006234762338120259,-0.002618170175993556,0.00414363613542898,-0.0030720050260773513,0.013034144461448793,3.64258915236948e-05,0.00014570356609478006,1.0,4.0
D6_ARM_002,2022,8,7,9.031834320284921e-05,-0.0029713839817093086,-5.987825049036388e-05,0.006174884087629895,-0.0007911809021726446,0.003352455233256335,-4.8505342517046746e-05,0.012985639118931747,7.285178304739046e-05,0.00021855534914217052,2.0,6.0
D6_ARM_002,2022,9,8,9.408776016168411e-05,-0.0028772962215476245,-2.6551450529543885e-05,0.006148332637100351,-0.00011581147426270588,0.003236643758993629,-0.001361185298987544,0.011624453819944203,-0.00018212945761847572,3.64258915236948e-05,-5.0,1.0
D6_ARM_002,2022,10,9,-2.0491738419441564e-05,-0.002897787959967066,-0.0016101133969117498,0.004538219240188601,-0.0012756024158884771,0.001961041343105152,-0.001980205860633355,0.009644247959310848,7.285178304739046e-05,0.00010927767457108526,2.0,3.0
D6_ARM_002,2022,11,10,-2.9445856922758352e-05,-0.0029272338168898245,-0.024186743588880733,-0.01964852434869213,-0.03634717756551892,-0.034386136222413766,-0.04380250208374986,-0.034158254124439014,-0.0028776454303719085,-0.0027683677558008233,-79.0,-76.0
D6_ARM_002,2022,12,11,-0.00040705198449765816,-0.0033342858013874826,-0.0006126521731381063,-0.020261176521830238,-5.6238491788818123e-05,-0.034442374714202584,-0.0008796295379718266,-0.03503788366241084,-0.0001821294576184753,-0.0029504972134192986,-5.0,-81.0
D6_ARM_002,2023,1,0,-0.0020414649340195342,-0.0020414649340195342,-0.0003718425334769959,-0.0003718425334769959,0.0003928760711189305,0.0003928760711189305,0.00030836830584990427,0.00030836830584990427,0.0,0.0,0.0,0.0
D6_ARM_002,2023,2,1,0.0001510083024968173,-0.001890456631522717,0.008321778909675448,0.007949936376198452,0.008079014965854003,0.008471891036972934,0.01608062993394971,0.016388998239799613,-0.00013659802615852232,-0.00013659802615852232,-4.0,-4.0
D6_ARM_002,2023,3,2,0.0006001527470932909,-0.001290303884429426,-0.000206724341341058,0.007743212034857394,0.0010553460706122508,0.009527237107585185,-0.0016693011863366247,0.014719697053462988,-3.4149506539630364e-05,-0.0001707475326981527,-1.0,-5.0
D6_ARM_002,2023,4,3,-0.0018836811134779596,-0.0031739849979073856,0.00013998410200166678,0.00788319613685906,-0.0007458729801343988,0.008781364127450786,0.0028091298072472903,0.017528826860710278,0.00034149506539630494,0.00017074753269815226,10.0,5.0
D6_ARM_002,2023,5,4,0.00029581819944007014,-0.0028781667984673154,-0.00014798346402178364,0.007735212672837277,0.0002349893459154817,0.009016353473366268,-0.001938572018644391,0.015590254842065887,-0.00017074753269815226,0.0,-5.0,0.0
D6_ARM_002,2023,6,5,-0.0007497446257544046,-0.00362791142422172,-0.0009100339301696403,0.006825178742667637,-0.00023138832563168732,0.00878496514773458,-0.0020482532119757146,0.013542001630090172,0.0,0.0,0.0,0.0
D6_ARM_002,2023,7,6,0.00015289982000289692,-0.003475011604218823,-0.0009317032078784981,0.005893475534789139,-0.0019714284118109715,0.006813536735923609,0.000853290526680206,0.014395292156770378,-0.0001707475326981527,-0.0001707475326981527,-5.0,-5.0
D6_ARM_002,2023,8,7,0.00022083410796819693,-0.003254177496250626,-0.0005188509273352793,0.0053746246074538595,-0.0017101626735972486,0.00510337406232636,-0.0036237583286138353,0.010771533828156543,-0.00010244851961889153,-0.0002731960523170442,-3.0,-8.0
D6_ARM_002,2023,9,8,0.0001033656760795771,-0.003150811820171049,4.976644513576822e-05,0.005424391052589628,0.00047022177139066645,0.005573595833717027,0.000904940845238511,0.011676474673395054,3.4149506539630364e-05,-0.00023904654577741385,1.0,-7.0
D6_ARM_002,2023,10,9,3.099865436776957e-05,-0.0031198131658032795,-0.001982279775386342,0.003442111277203286,-0.0009440888427765526,0.004629506990940474,-0.008320605038799056,0.003355869634595998,-0.0001365980261585219,-0.00037564457193593574,-4.0,-11.0
D6_ARM_002,2023,11,10,0.00011793951280663186,-0.0030018736529966476,-0.01970320492498656,-0.016261093647783276,-0.02660792624390415,-0.021978419252963677,-0.03179043027138828,-0.028434560636792283,-0.002390465457774135,-0.002766110029710071,-70.0,-81.0
D6_ARM_002,2023,12,11,9.017793479351765e-05,-0.00291169571820313,-0.0010393301271764965,-0.017300423774959772,0.0003660730721566363,-0.02161234618080704,-0.0041988603910066424,-0.032633421027798926,-0.00017074753269815258,-0.0029368575624082235,-5.0,-86.0
D6_ARM_002,2024,1,0,-0.0009365466698610936,-0.0009365466698610936,0.0007334704787607116,0.0007334704787607116,0.000283813489140583,0.000283813489140583,0.0031836196746853895,0.0031836196746853895,3.090712409210394e-05,3.090712409210394e-05,1.0,1.0
D6_ARM_002,2024,2,1,0.00013625289029642763,-0.000800293779564666,0.013054793951685406,0.013788264430446118,0.008116727386648065,0.008400540875788648,0.02588036487791623,0.02906398455260162,-0.00018544274455261972,-0.00015453562046051578,-6.0,-5.0
D6_ARM_002,2024,3,2,-0.0010538719006880385,-0.0018541656802527045,-0.00042624695152615466,0.013362017478919963,-9.68608074414512e-05,0.008303680068347197,-0.0016545977538474088,0.02740938679875421,3.09071240921035e-05,-0.00012362849636841228,1.0,-4.0
D6_ARM_002,2024,4,3,-0.0007127276593788851,-0.0025668933396315896,-0.0001034639082855282,0.013258553570634435,-0.00012348179434584772,0.008180198274001349,-0.0006762138163683984,0.02673317298238581,0.00040179261319734164,0.00027816411682892936,13.0,9.0
D6_ARM_002,2024,5,4,0.0002759051253952219,-0.0022909882142363677,-0.00019987792227604828,0.013058675648358387,6.305350622054506e-05,0.008243251780221894,0.0007768499119004679,0.02751002289428628,-0.00015453562046051621,0.00012362849636841314,-5.0,4.0
D6_ARM_002,2024,6,5,-0.0006250313587849465,-0.002916019573021314,-0.0015456680500780529,0.011513007598280334,-0.0017915299644648552,0.006451721815757039,-0.0026948531870313874,0.02481516970725489,-0.00021634986864472235,-9.272137227630921e-05,-7.0,-3.0
D6_ARM_002,2024,7,6,4.942033297451092e-05,-0.0028665992400468032,-0.0018955313279498398,0.009617476270330494,-0.0030254576704436265,0.0034262641453134124,-0.0024985165765597506,0.02231665313069514,-0.00043269973728944514,-0.0005254211095657543,-14.0,-17.0
D6_ARM_002,2024,8,7,0.00028938183226554165,-0.0025772174077812616,-4.860957756092077e-05,0.009568866692769573,-0.0010423117926622594,0.002383952352651153,-0.00036917357329385725,0.021947479557401284,6.181424818420614e-05,-0.0004636068613815482,2.0,-15.0
D6_ARM_002,2024,9,8,4.3378822087903994e-05,-0.0025338385856933576,0.0003881369379846733,0.009957003630754246,0.0002536190452998577,0.0026375713979510107,0.0005916150848309654,0.02253909464223225,-9.272137227630964e-05,-0.0005563282336578578,-3.0,-18.0
D6_ARM_002,2024,10,9,3.6098992157351534e-05,-0.002497739593536006,-0.0035055124805777327,0.006451491150176514,-0.0018242862811583826,0.000813285116792628,-0.006208502175137909,0.01633059246709434,-6.181424818420614e-05,-0.000618142481842064,-2.0,-20.0
D6_ARM_002,2024,11,10,-0.0007510994349396939,-0.0032488390284757,-0.02385610915692371,-0.017404618006747197,-0.03470556319570978,-0.03389227807891715,-0.03203419600648949,-0.01570360353939515,-0.0018235203214340906,-0.0024416628032761546,-59.0,-79.0
D6_ARM_002,2024,12,11,7.539119045797205e-05,-0.003173447838017728,-0.0011967146471431045,-0.0186013326538903,-0.0008446639508695453,-0.034736942029786694,-0.004229268898861771,-0.01993287243825692,-0.00015453562046051621,-0.002596198423736671,-5.0,-84.0
D6_ARM_003,2022,1,0,-0.0007969017463460796,-0.0007969017463460796,-0.0004037146766158184,-0.0004037146766158184,-4.285776478737957e-05,-4.285776478737957e-05,-0.00037731515550304406,-0.00037731515550304406,-3.642854540818197e-05,-3.642854540818197e-05,-1.0,-1.0
D6_ARM_003,2022,2,1,-0.0032103159590147123,-0.004007217705360792,-0.00018638061905562608,-0.0005900952956714445,-0.0006113000462274198,-0.0006541578110147994,-0.0034677090957570544,-0.0038450242512600985,-0.00010928563622454547,-0.00014571418163272743,-3.0,-4.0
D6_ARM_003,2022,3,2,-0.001068130011627537,-0.005075347716988329,-0.003012097360553745,-0.0036021926562251894,-0.004209640970905398,-0.004863798781920198,-0.002957978342272849,-0.0068030025935329475,-0.00014571418163272743,-0.00029142836326545487,-4.0,-8.0
D6_ARM_003,2022,4,3,0.0008585710518904475,-0.0042167766650978815,-7.077271618305403e-05,-0.0036729653724082434,0.00024307562634889868,-0.004620723155571299,0.00310376969761772,-0.0036992328959152276,-3.642854540818197e-05,-0.00032785690867363684,-1.0,-9.0
D6_ARM_003,2022,5,4,-0.0011788574615508394,-0.005395634126648721,-0.004113947372994531,-0.007786912745402774,-0.0029811132036083043,-0.007601836359179603,-0.0006442583131542334,-0.004343491209069461,7.285709081636393e-05,-0.0002549998178572729,2.0,-7.0
D6_ARM_003,2022,6,5,-1.2278606418963771e-05,-0.005407912733067685,-0.000695033392094313,-0.008481946137497087,-0.001313059722953147,-0.00891489608213275,-0.0032212915657710006,-0.007564782774840462,-0.0004371425448981823,-0.0006921423627554552,-12.0,-19.0
D6_ARM_003,2022,7,6,-0.0005985880981762082,-0.006006500831243893,-0.0009473688147296766,-0.009429314952226764,-0.00040406446762447645,-0.009318960549757227,-0.0008510325622692605,-0.008415815337109722,-0.00014571418163272743,-0.0008378565443881826,-4.0,-23.0
D6_ARM_003,2023,1,0,-3.995085095880556e-05,-3.995085095880556e-05,-5.860101928667483e-05,-5.860101928667483e-05,5.634481917149436e-07,5.634481917149436e-07,0.0015279434747632048,0.0015279434747632048,-3.4150672768253586e-05,-3.4150672768253586e-05,-1.0,-1.0
D6_ARM_003,2023,2,1,-0.0037404976656264547,-0.0037804485165852603,-0.0004484350697203654,-0.0005070360890070402,-0.0005571133094889047,-0.0005565498612971898,-0.0007268798482757965,0.0008010636264874083,-3.4150672768253586e-05,-6.830134553650717e-05,-1.0,-2.0
D6_ARM_003,2023,3,2,-0.00033042623641766234,-0.004110874753002923,-0.002651965933551881,-0.003159002022558921,-0.003145863750875416,-0.003702413612172606,-0.004190398896096903,-0.0033893352696094947,-3.4150672768253586e-05,-0.00010245201830476076,-1.0,-3.0
D6_ARM_003,2023,4,3,0.00022866282898168118,-0.0038822119240212415,-0.00020661829498058726,-0.0033656203175395083,-0.0002592385044667411,-0.003961652116639347,0.0007677964242623903,-0.0026215388453471045,-0.0001366026910730139,-0.00023905470937777467,-4.0,-7.0
D6_ARM_003,2023,5,4,-0.0008063239348416289,-0.00468853585886287,-0.004498608069585797,-0.007864228387125305,-0.0023777019297642477,-0.006339354046403595,-0.009526726997126034,-0.012148265842473138,0.0,-0.00023905470937777467,0.0,-7.0
D6_ARM_003,2023,6,5,-0.00023389636615090033,-0.004922432225013771,-0.0008789490199722083,-0.008743177407097513,-0.002607160401327663,-0.008946514447731257,-0.0003438052692105731,-0.012492071111683711,-0.00017075336384126793,-0.0004098080732190426,-5.0,-12.0
D6_ARM_003,2023,7,6,-0.0005604274546426929,-0.005482859679656464,-0.0018754408922002641,-0.010618618299297777,-0.0009105102135166521,-0.00985702466124791,-0.004535264474541667,-0.01702733558622538,-0.00020490403660952108,-0.0006147121098285637,-6.0,-18.0
D6_ARM_003,2024,1,0,0.0015813025221155207,0.0015813025221155207,-0.0006431855019937149,-0.0006431855019937149,-0.0002285074087262362,-0.0002285074087262362,-0.0013482535431224574,-0.0013482535431224574,-6.181615874389576e-05,-6.181615874389576e-05,-2.0,-2.0
D6_ARM_003,2024,2,1,-0.005025803866533242,-0.0034445013444177218,-0.0003224964325208024,-0.0009656819345145173,0.00041773337624800844,0.00018922596752177223,-0.0017971475174827778,-0.003145401060605235,0.0,-6.181615874389576e-05,0.0,-2.0
D6_ARM_003,2024,3,2,0.0003605553404842157,-0.003083946003933506,-0.004529088087247057,-0.005494770021761575,-0.004252849774099038,-0.004063623806577266,-0.005111667991389457,-0.008257069051994692,-0.00015454039685973897,-0.00021635655560363473,-5.0,-7.0
D6_ARM_003,2024,4,3,8.946070519624209e-05,-0.002994485298737264,-0.0002944233695290066,-0.005789193391290581,-6.624300913415926e-05,-0.004129866815711425,-0.0018856166289868415,-0.010142685680981534,-3.090807937194788e-05,-0.0002472646349755826,-1.0,-8.0
D6_ARM_003,2024,5,4,-0.0006045116735443248,-0.0035989969722815887,-0.007317318848165555,-0.013106512239456136,-0.004566351627808191,-0.008696218443519615,-0.010170909357560709,-0.020313595038542243,-0.00015454039685973897,-0.0004018050318353216,-5.0,-13.0
D6_ARM_003,2024,6,5,-0.0005107911079260856,-0.004109788080207674,-0.001000650480438403,-0.01410716271989454,-0.0014023798417246158,-0.010098598285244231,0.003492257603769533,-0.01682133743477271,-0.00030908079371947837,-0.0007108858255547999,-10.0,-23.0
D6_ARM_003,2024,7,6,-0.0005731027370721288,-0.004682890817279803,-0.0027825794771856316,-0.01688974219708017,-0.0014943865819326274,-0.011592984867176859,-0.006152303105050938,-0.022973640539823648,-0.00012363231748779152,-0.0008345181430425915,-4.0,-27.0
D6_ARM_004,2022,1,0,-0.007134889007764591,-0.007134889007764591,-0.0003046944728422041,-0.0003046944728422041,0.0001598249145741415,0.0001598249145741415,-0.0005819774429292601,-0.0005819774429292601,3.642854540818197e-05,3.642854540818197e-05,1.0,1.0
D6_ARM_004,2022,2,1,-0.0008356448846936742,-0.007970533892458265,-0.0020894010982640543,-0.0023940955711062584,-0.003240169405477472,-0.0030803444909033306,-0.005351908916372217,-0.005933886359301477,-0.00029142836326545487,-0.0002549998178572729,-8.0,-7.0
D6_ARM_004,2022,3,2,0.0025191566596358943,-0.005451377232822371,-3.639833973401174e-05,-0.00243049391084027,-3.0358783501355235e-05,-0.003110703274404686,0.000761076194077781,-0.005172810165223696,0.0,-0.0002549998178572729,0.0,-7.0
D6_ARM_004,2022,4,3,-0.0019097346286714913,-0.007361111861493862,-0.018597769636458872,-0.021028263547299142,-0.006072911921019469,-0.009183615195424155,-0.019884977286512007,-0.025057787451735702,0.0002549998178572729,0.0,7.0,0.0
D6_ARM_004,2022,5,4,0.0004436879508167811,-0.006917423910677081,-0.01634499950170909,-0.03737326304900823,-0.012113756072159254,-0.02129737126758341,-0.03824190629181984,-0.06329969374355554,-0.00047357109030636384,-0.00047357109030636384,-13.0,-13.0
D6_ARM_004,2022,6,5,-0.004457063137856981,-0.011374487048534061,-0.0007586672377762893,-0.03813193028678452,0.0003962801161415397,-0.02090109115144187,-0.0039408325132982425,-0.06724052625685378,-3.642854540818197e-05,-0.0005099996357145458,-1.0,-14.0
D6_ARM_004,2022,7,6,-0.00010658764814939353,-0.011481074696683455,0.00013916947546566139,-0.03799276081131886,-0.0002494600359610466,-0.021150551187402916,0.0035930848214413835,-0.0636474414354124,3.642854540818197e-05,-0.00047357109030636384,1.0,-13.0
D6_ARM_004,2022,8,7,-0.0008379247326432337,-0.01231899942932669,-0.0004889191310069041,-0.038481679942325764,0.0003180459597739438,-0.020832505227628972,0.0027603559271434652,-0.060887085508268934,-3.642854540818197e-05,-0.0005099996357145458,-1.0,-14.0
D6_ARM_004,2022,9,8,-0.001930811349084959,-0.01424981077841165,-0.004540101642556138,-0.0430217815848819,-0.004451986021863696,-0.02528449124949267,-0.012543974452303375,-0.07343105996057231,-0.0001821427270409094,-0.0006921423627554552,-5.0,-19.0
D6_ARM_004,2023,1,0,-0.006848374328986577,-0.006848374328986577,7.98450721589683e-05,7.98450721589683e-05,0.0002057064312874779,0.0002057064312874779,0.0009767720138799119,0.0009767720138799119,3.4150672768253586e-05,3.4150672768253586e-05,1.0,1.0
D6_ARM_004,2023,2,1,0.0003116377914394123,-0.006536736537547164,-0.0022023948182234854,-0.002122549746064517,-0.002293492663221014,-0.002087786231933536,-0.0025838410652502253,-0.0016070690513703134,-0.00017075336384126793,-0.00013660269107301434,-5.0,-4.0
D6_ARM_004,2023,3,2,0.0015484817845752494,-0.004988254752971915,-3.347547725329747e-05,-0.0021560252233178145,0.0003380154475733643,-0.0017497707843601717,-0.0011825288076078855,-0.002789597858978199,-3.4150672768253586e-05,-0.00017075336384126793,-1.0,-5.0
D6_ARM_004,2023,4,3,-0.0013047209671042028,-0.006292975720076118,-0.024384906566212727,-0.026540931789530542,-0.006751348986898831,-0.008501119771259003,-0.04563614492692869,-0.04842574278590689,-0.00020490403660952108,-0.000375657400450789,-6.0,-11.0
D6_ARM_004,2023,5,4,-0.002405785226716332,-0.00869876094679245,-0.012000106561078194,-0.038541038350608736,-0.010545853387487647,-0.01904697315874665,-0.02367125218222521,-0.0720969949681321,-0.0005122600915238029,-0.0008879174919745919,-15.0,-26.0
D6_ARM_004,2023,6,5,0.0002715459604220524,-0.008427214986370397,-0.0016005651902637474,-0.040141603540872484,0.00016707972908694413,-0.018879893429659705,-0.000685376315391728,-0.07278237128352383,0.00010245201830476076,-0.0007854654736698312,3.0,-23.0
D6_ARM_004,2023,7,6,-0.003372932492840184,-0.011800147479210581,0.0004412495812489148,-0.03970035395962357,9.09648387556472e-06,-0.01887079694578414,0.0016453159201777479,-0.07113705536334608,0.0,-0.0007854654736698312,0.0,-23.0
D6_ARM_004,2023,8,7,0.000926927324155437,-0.010873220155055145,-0.001009300786459777,-0.040709654746083346,-0.000328244350974477,-0.019199041296758618,-0.0013937386202548252,-0.0725307939836009,-3.4150672768253586e-05,-0.0008196161464380848,-1.0,-24.0
D6_ARM_004,2023,9,8,-0.0028525598368613183,-0.013725779991916463,-0.011271958128539872,-0.05198161287462322,-0.008289230905926509,-0.027488272202685127,-0.02059845708723096,-0.09312925107083186,-0.00013660269107301434,-0.0009562188375110991,-4.0,-28.0
D6_ARM_004,2024,1,0,-0.006425008949115159,-0.006425008949115159,-0.00017479689070176718,-0.00017479689070176718,0.00017182093416034938,0.00017182093416034938,-0.001526409771662851,-0.001526409771662851,6.181615874389576e-05,6.181615874389576e-05,2.0,2.0
D6_ARM_004,2024,2,1,0.0013202535169037667,-0.005104755432211392,-0.0049196094738984675,-0.005094406364600235,-0.003178221051958585,-0.003006400117798236,-0.015864928058503258,-0.01739133783016611,-0.0002472646349755826,-0.00018544847623168685,-8.0,-6.0
D6_ARM_004,2024,3,2,0.0012885202020174163,-0.003816235230193976,-2.128235472853568e-06,-0.005096534600073088,-4.577873687292011e-05,-0.003052178854671156,0.0,-0.01739133783016611,-6.181615874389576e-05,-0.0002472646349755826,-2.0,-8.0
D6_ARM_004,2024,4,3,-0.0018928057252829578,-0.005709040955476934,-0.03545477242267314,-0.04055130702274623,-0.016077779215613902,-0.019129958070285058,-0.048077075075752485,-0.0654684129059186,9.272423811584364e-05,-0.00015454039685973897,3.0,-5.0
D6_ARM_004,2024,5,4,-0.001965091277521336,-0.00767413223299827,-0.015732375004834487,-0.05628368202758072,-0.011958047599672117,-0.031088005669957175,-0.03229841586069515,-0.09776682876661374,-0.00037089695246337413,-0.0005254373493231131,-12.0,-17.0
D6_ARM_004,2024,6,5,-8.346648002648376e-05,-0.007757598713024754,-0.0004459537351990672,-0.056729635762779784,-0.00036753743579961973,-0.031455543105756795,0.003546701141374675,-0.09422012762523907,0.0,-0.0005254373493231131,0.0,-17.0
D6_ARM_004,2024,7,6,-0.0034821634679264284,-0.011239762180951181,-2.5499535173834076e-05,-0.05675513529795362,0.00023408125023846593,-0.03122146185551833,-0.001519219609972866,-0.09573934723521194,3.090807937194788e-05,-0.0004945292699511652,1.0,-16.0
D6_ARM_004,2024,8,7,0.00023051748200633455,-0.011009244698944848,-0.0019748846473454096,-0.05873001994529903,-0.0002678802826419635,-0.03148934213816029,-0.004121573558896807,-0.09986092079410874,0.0,-0.0004945292699511652,0.0,-16.0
D6_ARM_004,2024,9,8,8.728103399753117e-05,-0.010921963664947316,-0.009552273870298889,-0.06828229381559792,-0.00822470928834329,-0.03971405142650358,-0.016297595055934755,-0.1161585158500435,-0.00015454039685973897,-0.0006490696668109042,-5.0,-21.0
