arm_id,state_index,year,threshold,max_d_phi,auroc,auprc,balanced_accuracy,f1,accuracy,count_predicted_positive,selection_rate,ks_statistic,ks_pvalue,score_mean,score_median,score_iqr,y0_mean,y0_median,y1_mean,y1_median
D6_ARM_001,0,2022,0.5,0.004774562999852669,0.7801078717488028,0.207953348038852,0.5091534194742121,0.039508809396689805,0.9344626593806922,104,0.0037887067395264117,0.428234210452112,4.354136088059636e-276,0.06447006756000118,0.04056709009989953,0.049910782556687815,0.0592201016985661,0.03877003794946575,0.14068508920359335,0.10192214198643071
D6_ARM_001,0,2023,0.5,0.0041983663102154135,0.7791293076210748,0.2007556144414719,0.5068501061487092,0.03137254901960784,0.9325067459097585,111,0.003791372066810124,0.4271233893158873,6.192450992986195e-299,0.06476239405150586,0.04161308732425826,0.04987805805979017,0.05973749431158139,0.03971544924559378,0.13600187465671817,0.09966328374754747
D6_ARM_001,0,2024,0.5,0.003925250716235319,0.7516813909908746,0.21530154489634734,0.5077757174128535,0.034905310063126624,0.9196599690880989,130,0.00401854714064915,0.3666162279168702,6.593620890955388e-285,0.06582709307143027,0.04198702275098458,0.05078693958007772,0.06019836602709908,0.039793050556556304,0.13124375029713944,0.08921998941338379
D6_ARM_001,1,2022,0.5,0.005448893719589671,0.7801485720054125,0.20643076571199376,0.5094360650366767,0.04055496264674493,0.9344990892531876,105,0.003825136612021858,0.4259153083790646,5.728186427943598e-273,0.06445744820673742,0.040721506478356984,0.049508581547318686,0.059278125102664246,0.03876689873903503,0.13964693189000665,0.10159340393025351
D6_ARM_001,1,2023,0.5,0.004627623812178123,0.7786888505678363,0.19982437253134153,0.5070910249349948,0.03232125367286973,0.9325067459097585,113,0.003859685077022919,0.4255928029514642,1.068905456697718e-296,0.06467909537715184,0.04162791786019178,0.04922770629449507,0.05972730926683835,0.03969312343459486,0.1348820225647379,0.09834929110361024
D6_ARM_001,1,2024,0.5,0.004028329908846679,0.7504314447114767,0.21326892760675864,0.5071568940622915,0.03268945022288262,0.9195054095826893,129,0.003987635239567233,0.3637941754777295,2.1180399097674553e-280,0.06562477290260023,0.042048235931923694,0.04988988944123314,0.06011732187820583,0.0397818882692922,0.12963196902575108,0.08843595473043867
D6_ARM_001,2,2022,0.5,0.0009306903539241258,0.7767610075428868,0.20326083073518814,0.5077986006023506,0.03431635388739947,0.9343897996357012,96,0.0034972677595628415,0.41921909260703943,4.475329769230452e-264,0.0644432962351452,0.04102306679547859,0.048545927434490106,0.05942348450660321,0.03906313558646076,0.1373171147770823,0.09894923960691991
D6_ARM_001,2,2023,0.5,0.0011224195432803904,0.7760912135831526,0.1973350997285357,0.5058864310035665,0.027559055118110236,0.9325067459097585,103,0.0035181200259589438,0.41912555664665163,2.3709740119467194e-287,0.06453214516896957,0.041653996208898966,0.048154501636617456,0.05973899170997866,0.03986764388466809,0.13248609063111766,0.09582748181261329
D6_ARM_001,2,2024,0.5,0.001679386083220937,0.7460896346371633,0.21025400353929605,0.5078764324899006,0.034983252698176405,0.9198454404945904,124,0.0038330757341576505,0.3559930991899686,3.787899660612813e-268,0.06538432636651152,0.0420721344338474,0.048821669617276936,0.060085684387082734,0.03996372311523403,0.12696475892259634,0.0864493118903398
D6_ARM_001,3,2022,0.5,0.0008486973148691305,0.7764205693769993,0.2020400295809299,0.5083638917272799,0.03642206748794858,0.9344626593806922,98,0.003570127504553734,0.42250476334979975,2.03456103821991e-268,0.06452455681347846,0.04096128509825407,0.04878595784617179,0.05951684708135801,0.039047366475613535,0.1372226877521926,0.09997209385056308
D6_ARM_001,3,2023,0.5,0.0009635047466979556,0.7765447690967021,0.19660269679037684,0.5056820779624908,0.026627218934911243,0.9325750589199713,99,0.003381494005533354,0.4245686777485328,3.314242258029209e-295,0.06461686169205393,0.041682624521979676,0.04871230654509663,0.059829766920786225,0.039904945681128554,0.13248491135749157,0.09583599358156637
D6_ARM_001,3,2024,0.5,0.0008810796257054258,0.7467104424244755,0.2106404268902219,0.507893218336075,0.034996276991809384,0.9198763523956723,123,0.003802163833075734,0.35850330034099165,4.6636914414757697e-272,0.06549087656644532,0.04211401729852321,0.04901027493782447,0.06016418082437682,0.04001833873691985,0.12739734791603355,0.08741484139736413
D6_ARM_001,4,2022,0.5,0.0008662568585321927,0.7736446203714932,0.19721853417154353,0.5062880245559243,0.028954423592493297,0.9340255009107468,96,0.0034972677595628415,0.4172479587082359,1.7235582170621749e-261,0.0645367345392472,0.041858722769015866,0.04846409880559109,0.059811487853209715,0.040093400362910876,0.13313428125723953,0.09854861877759223
D6_ARM_001,4,2023,0.5,0.001106984351510036,0.7733426599678374,0.1913872925008136,0.5032944144146603,0.017804154302670624,0.9321651808586945,93,0.003176554974894969,0.4174767429349635,5.373633200806554e-285,0.06451640446514603,0.042627868500260784,0.04755093594547809,0.06001581220863528,0.04073806087598028,0.12832262376584908,0.09526369891455028
D6_ARM_001,4,2024,0.5,0.0010036075968899918,0.7459230008938087,0.20980409468717584,0.5064164764783795,0.029180695847362513,0.9197836166924266,110,0.0034003091190108192,0.3595742936508726,9.798596305212609e-274,0.06561627399476867,0.043086176161239276,0.04875791765900042,0.06044678474081419,0.0410303148101849,0.12569570294816027,0.08560042263900608
D6_ARM_001,5,2022,0.5,0.0009184172696013534,0.7737512026551624,0.19810013261235127,0.5057227334309948,0.026838432635534086,0.9339526411657559,94,0.003424408014571949,0.41570247157095885,1.7927525051513579e-259,0.06453527433100029,0.04189087640235696,0.04817421901673874,0.05979827210221681,0.04008889656031362,0.1333034791005814,0.09847825422677074
D6_ARM_001,5,2023,0.5,0.0009556801992408892,0.7726513607651108,0.1919118299599205,0.5033309801598702,0.01782178217821782,0.9322334938689073,91,0.003108241964682174,0.4180335317551035,8.632409794227094e-286,0.0645001910439571,0.042602458240273436,0.04760517049669753,0.05999370830688195,0.040768017062561904,0.12838992141903802,0.09522748236074981
D6_ARM_001,5,2024,0.5,0.0010775203723938154,0.7447871564529016,0.20921044819270135,0.5064668340169031,0.029213483146067417,0.9198763523956723,107,0.0033075734157650694,0.35578430762693963,7.983485929480871e-268,0.06560116204781602,0.043212569067152755,0.048684646691173214,0.06045865691122485,0.041008373598935666,0.12536698354748085,0.08531153717668997
D6_ARM_001,6,2022,0.5,0.0008888403656620732,0.7740018647277114,0.19786548766635426,0.5059664396998184,0.027867095391211148,0.9339162112932605,97,0.003533697632058288,0.4137796761056409,5.6313249065339334e-257,0.06450105141738226,0.041999508126814265,0.048095042936305,0.059785100974969266,0.040152491268605095,0.13296364232275698,0.09848631324078473
D6_ARM_001,6,2023,0.5,0.0007961703454050637,0.7725108887822815,0.19167574185984543,0.5033492630324752,0.017830609212481426,0.9322676503740137,90,0.003074085459575776,0.4188014124045111,6.899940476014098e-287,0.06445132436193164,0.042654204292549444,0.04756373200067117,0.059966007936847004,0.04092396982858371,0.12804097371040996,0.0947307378901059
D6_ARM_001,6,2024,0.5,0.0012224798257705195,0.7450229966092591,0.20935741537001326,0.5060430945524119,0.027715355805243445,0.9197527047913446,107,0.0033075734157650694,0.355541315639126,1.9000018991532214e-267,0.06553225742334087,0.04327458742560049,0.04848360557207998,0.06040582009935432,0.041090866806005155,0.1251113399709755,0.08542854293736203
D6_ARM_001,7,2022,0.5,0.0007424330648408596,0.7727393753454928,0.19702003869553097,0.506249085262283,0.0289234065345474,0.9339526411657559,98,0.003570127504553734,0.4142630604404974,1.3309061642790206e-257,0.06452113855328764,0.04189761838713804,0.04831694231241431,0.05982518493742448,0.04011505350436299,0.1326934307008184,0.09881210361288717
D6_ARM_001,7,2023,0.5,0.0007772033084682472,0.7729237840970361,0.19131817478579694,0.5029803641379549,0.016798418972332016,0.932028554838269,95,0.003244867985107764,0.41584351089386246,1.128303360324764e-282,0.06448482937248105,0.04271212472783679,0.047345093834563784,0.060014507764119436,0.040792717045804144,0.12786189279678054,0.09601944974941906
D6_ARM_001,7,2024,0.5,0.0013557312905871147,0.745603015379804,0.20997884464868535,0.5062213925923085,0.02844311377245509,0.9197527047913446,109,0.0033693972179289025,0.36328196812009567,1.379348539802005e-279,0.06557504114749468,0.04312621838195473,0.0485842260752576,0.06041866596461482,0.041093741946111775,0.12550205931856073,0.08550186849480558
D6_ARM_001,8,2022,0.5,0.0005313846643854684,0.7670034567042711,0.1940105448778276,0.5050795637187832,0.024664879356568366,0.9337340619307832,96,0.0034972677595628415,0.4068001434040194,5.004456065233214e-248,0.06446888343276874,0.04236069520721977,0.04643644931905144,0.05997161826462442,0.04061974254028836,0.12975676742548448,0.09502373331736372
D6_ARM_001,8,2023,0.5,0.0008100575246114,0.7656271455600238,0.1886759635879773,0.5024985265653835,0.01485148514851485,0.932028554838269,91,0.003108241964682174,0.4045597086204853,6.323003261021648e-267,0.0644582313910804,0.04309332613669196,0.04553357102062511,0.06018478333568161,0.04138971202552694,0.12504416058706058,0.09112435983411604
D6_ARM_001,8,2024,0.5,0.0013944780890673468,0.7346031580365739,0.20346679401321643,0.505848010666341,0.026976395653802922,0.9197217928902628,106,0.003276661514683153,0.3467196363264887,5.6639542689959004e-254,0.06557147305199656,0.04361196552381284,0.04678826180660446,0.060734333455448555,0.04167170295535246,0.1217883584060253,0.08182792853416872
D6_ARM_001,9,2022,0.5,0.0005332112249577562,0.7668133387397831,0.19368117294198206,0.5048358574499596,0.023630504833512353,0.9337704918032786,93,0.0033879781420765027,0.4086464030163182,2.2373658288858655e-250,0.06444260578225644,0.04241013499514167,0.04635685201640497,0.05997572443823884,0.040768835120231973,0.12928940046609794,0.09512135603612064
D6_ARM_001,9,2023,0.5,0.0008681492689416205,0.7656686777257858,0.18859519318266987,0.5023124563969127,0.013895781637717122,0.9321310243535882,86,0.002937459439150186,0.4064930299889154,1.377336763438348e-269,0.0644383845452655,0.04322009870341938,0.04556071333889855,0.06018640498870341,0.04146466419182953,0.12471994852290146,0.09157419919383536
D6_ARM_001,9,2024,0.5,0.0008782432544164781,0.7347804736820396,0.20357896670151454,0.505720070164968,0.026276276276276277,0.9198145285935085,101,0.0031221020092735705,0.3476563428669736,2.1901413110245233e-255,0.06555304550969124,0.043790336453588055,0.04679507654701259,0.0607366431221865,0.04185001376606523,0.12152892452514343,0.08222206949925291
D6_ARM_001,10,2022,0.5,0.0005303693246278998,0.7533357646362052,0.19029342316940095,0.5039684511157451,0.02043010752688172,0.9336247723132969,91,0.00331511839708561,0.38325529809372016,3.73171562912745e-219,0.0644366124848447,0.04368087650873779,0.04316476401116213,0.06031408003714175,0.04213734132488144,0.12428441112218765,0.09163676871294123
D6_ARM_001,10,2023,0.5,0.0009852084537494378,0.7465934430510413,0.18640617793770076,0.502221042033888,0.013861386138613862,0.9319602418280561,91,0.003108241964682174,0.36620332237612063,3.6992818836908346e-217,0.06450888238756528,0.04440059611127023,0.042393265696571224,0.060576486418598544,0.04279794986677691,0.12025961590716172,0.08652017530265772
D6_ARM_001,10,2024,0.5,0.0010001225503794614,0.710659913503969,0.19128326235540577,0.5040922556917019,0.02030075187969925,0.9194435857805255,97,0.0029984544049459043,0.30899540201420456,1.3525519560865623e-200,0.06545341146054824,0.044909083141557726,0.04394520390017693,0.06129520557295443,0.043348998275208495,0.11377977852014907,0.07754972073489479
D6_ARM_001,11,2022,0.5,0.0005456112491314421,0.7532439084053603,0.19038329889428224,0.5039684511157451,0.02043010752688172,0.9336247723132969,91,0.00331511839708561,0.3839481489736811,5.634728614220618e-220,0.06442215930273276,0.043703417927210074,0.04308685369306692,0.06031543954554289,0.04219051472214893,0.12404040129504082,0.09161126111170641
D6_ARM_001,11,2023,0.5,0.0010186985116700192,0.7463849955563805,0.18620839850760018,0.5022576077790979,0.013875123885034688,0.932028554838269,89,0.003039928954469379,0.3663005656487628,2.812856080460798e-217,0.06450216951069866,0.04448915680633621,0.04223837771287192,0.06059254393253087,0.04295790630543775,0.11993008050693119,0.08601553072945584
D6_ARM_001,11,2024,0.5,0.0010257372165589304,0.7102172334748518,0.19132224530563832,0.5038971718056309,0.019556224144415192,0.9194126738794436,96,0.0029675425038639875,0.3112725661076463,1.2622712723559026e-203,0.06545000284033724,0.04500301847102352,0.04357312112021293,0.0613051570263703,0.04344837015754851,0.11362110009380308,0.07771271975384546
D6_ARM_001,12,2022,0.5,0.0006347921662671778,0.7073826325335398,0.13543776251523273,0.5002242366220029,0.0011280315848843769,0.9354826958105646,4,0.00014571948998178506,0.312090382128744,1.0319354930603458e-143,0.06448211300532546,0.04987822009991699,0.046589759048611644,0.062241400740373,0.04830315853185864,0.09701107381722159,0.08017482854265844
D6_ARM_001,12,2023,0.5,0.0011382465519626838,0.7074301556354884,0.14362401723239937,0.4999634342547901,0.0,0.9340437886395464,2,6.831301021279503e-05,0.3083013226677367,1.392484894652212e-152,0.06544953177257046,0.050975430760954836,0.04606821434978053,0.06305213578401103,0.049469309043469016,0.09943811938020292,0.08261970460145888
D6_ARM_001,12,2024,0.5,0.0011071848731891965,0.6656271492743491,0.14250613781283214,0.5003733819259676,0.001558846453624318,0.9208037094281298,3,9.273570324574961e-05,0.2507191356458925,3.3226516201608963e-131,0.0660199009726596,0.05140010708088733,0.04694247133319891,0.06378373135128858,0.049843048030946684,0.0920085020307082,0.07550834945494533
D6_ARM_001,13,2022,0.5,0.0006788150139907906,0.7054665507395395,0.13518007408684635,0.4999805303531794,0.0,0.9355191256830601,1,3.6429872495446266e-05,0.3055109842376425,1.331861081563574e-137,0.06445443318541684,0.04987363496807076,0.04659945624076148,0.06223960613836396,0.04826872570914761,0.09660761204090856,0.08061891789157535
D6_ARM_001,13,2023,0.5,0.0007204496258740569,0.7054559276428163,0.1438304143895885,0.5002409187862856,0.0010357327809425167,0.9341121016497592,2,6.831301021279503e-05,0.30561672593388234,6.932418350895353e-150,0.06537966574111127,0.05093000802071011,0.046298415401931144,0.06301021197098083,0.04945093802079325,0.09897210830488899,0.0807645596166011
D6_ARM_001,13,2024,0.5,0.0012784284743348185,0.6637999938724785,0.14125785347941688,0.4999832141538255,0.0,0.920741885625966,1,3.091190108191654e-05,0.2450670930206102,2.7032187370590446e-125,0.06594349757569412,0.0514127770182565,0.04711233880630516,0.0637594545686964,0.04987566489224133,0.09132628690438749,0.07479030577582466
D6_ARM_001,14,2022,0.5,0.0006010481467211468,0.7055869125584373,0.13540493597123066,0.4999805303531794,0.0,0.9355191256830601,1,3.6429872495446266e-05,0.3065677161030092,1.4209923335381095e-138,0.06443723406246603,0.04947428411758609,0.046717439386831594,0.06218661097721716,0.04791498532128788,0.09711007264487195,0.08052725345091184
D6_ARM_001,14,2023,0.5,0.0008068807809147451,0.70539804609642,0.14349556283785153,0.5002226359136808,0.0010351966873706005,0.9340779451446528,3,0.00010246951531919253,0.30722277535257225,1.7000407856473935e-151,0.06538927348890837,0.05079684521840979,0.04634211924937951,0.06298589944016343,0.04921441737222285,0.09946261381295032,0.08068398418579185
D6_ARM_001,14,2024,0.5,0.0013813259578892138,0.6639373129660177,0.14142031546204925,0.5001447263475475,0.0007791195948578107,0.9207109737248841,4,0.00012364760432766615,0.2449516551256934,3.557216696572023e-125,0.06597878745568204,0.05115074093330916,0.04728808349493044,0.0637553234392135,0.04946064210802193,0.09181972489561505,0.07486492499073263
D6_ARM_001,15,2022,0.5,0.0004898430802057542,0.7052838948556306,0.1350925028844109,0.4999805303531794,0.0,0.9355191256830601,1,3.6429872495446266e-05,0.3049604631896115,4.2590784984816864e-137,0.06444476796823714,0.04991566594735147,0.04641736849378992,0.062246871927319446,0.04840792360056678,0.09635215532086977,0.08070044049454911
D6_ARM_001,15,2023,0.5,0.0008270540239015199,0.7050300381246706,0.14386587848089485,0.5002592016588906,0.0010362694300518134,0.9341462581548656,1,3.4156505106397514e-05,0.30546346826150184,9.864562221658165e-150,0.06536107979401024,0.051132277532412715,0.04611131093832156,0.06300860119292236,0.04960709520882932,0.09871286039668091,0.08086737812099598
D6_ARM_001,15,2024,0.5,0.0014029923016365678,0.663616305761805,0.1408667675847245,0.499966428307651,0.0,0.9207109737248841,2,6.182380216383307e-05,0.24507407457036523,2.658694550140813e-125,0.06591777033377931,0.05146115902057299,0.046899136733717796,0.06375800898002763,0.049916056461520926,0.09101836005059605,0.07503915301615921
D6_ARM_002,0,2022,0.5,0.005221647220420581,0.7803173019326684,0.20789547183681983,0.5094106303912699,0.04051172707889126,0.9344333952573489,106,0.0038611445015116746,0.4269955658857637,1.386825214295147e-274,0.06447450229688127,0.04070001380816865,0.049863732954239307,0.059236273177479835,0.038831358585327796,0.14048209465484016,0.10252035555335272
D6_ARM_002,0,2023,0.5,0.0056532544651037575,0.7791136828055484,0.20077642832585907,0.5066010735389965,0.030392156862745098,0.9324522760646109,109,0.003722296212819725,0.425247788995271,1.5984660581266395e-296,0.06478168913877222,0.04166887590498986,0.049793508025080195,0.05976765945443462,0.03973901985804998,0.13580382270997995,0.09950377022658076
D6_ARM_002,0,2024,0.5,0.005281354828261284,0.7513692505002743,0.21480999255828503,0.5076108878331838,0.03418803418803419,0.9196723844846237,127,0.00392520475969711,0.3657331332359064,1.2995231405698972e-283,0.06584314734626671,0.0420093377425122,0.0507137551147735,0.060241424633562864,0.0398539744333347,0.13092931011310002,0.0892879981016838
D6_ARM_002,1,2022,0.5,0.003805019183202293,0.7801156362966029,0.20797534815005755,0.5086021090254914,0.03741314804917156,0.9343969693658253,101,0.0036790150438931993,0.4269209930462477,1.7472533362465048e-274,0.06449574765938222,0.04075303407416373,0.04970052985426263,0.0592581867018363,0.03885974931419037,0.1404936448755697,0.1021235853593416
D6_ARM_002,1,2023,0.5,0.0036117895310842233,0.7787418402720714,0.201169304396978,0.5071555003272449,0.03235294117647059,0.9325888740907694,109,0.003722296212819725,0.4255561573011209,5.671736742321672e-297,0.06478688647446848,0.041799840961762175,0.0501908483743318,0.059767578809033224,0.039855060389689334,0.13588378096695178,0.10034113511603743
D6_ARM_002,1,2024,0.5,0.00434480815840019,0.752102720979035,0.21509380604742562,0.5073823128481515,0.033432392273402674,0.9195796631123474,128,0.003956111883789214,0.3689167529105918,9.85588902503732e-289,0.06592731429368993,0.04217746832185187,0.0505905951471185,0.060311545970154805,0.0400237728430141,0.13117667237732294,0.09023447404525543
D6_ARM_002,2,2022,0.5,0.0035210546015994226,0.7884605570173152,0.2161807643602271,0.5095568393522855,0.041401273885350316,0.9342148399082068,114,0.004152551633701235,0.4399010227038,2.871572285705621e-292,0.0645117996114163,0.04060223020079479,0.052116573257599476,0.05886269808699435,0.03860439148022774,0.14648122020561347,0.10974806981145738
D6_ARM_002,2,2023,0.5,0.0037627978335810406,0.7870636191817468,0.209248319362832,0.506951407728675,0.03143418467583497,0.9326571731038487,105,0.0035856981866612026,0.4416367872350706,5.474e-321,0.0645958188985116,0.041647239154531536,0.05218864116046717,0.05917187997207621,0.03940479582266446,0.14142418633292933,0.102945996851416
D6_ARM_002,2,2024,0.5,0.004481061048696618,0.7651575149307204,0.22321053343407368,0.5079065971876564,0.034996276991809384,0.9198887343532685,122,0.003770669139236594,0.394797117788508,0.0,0.06550423340262423,0.04172304787941812,0.053566442478584705,0.059470444472626,0.039384648982270135,0.13561055400074334,0.09536973037033389
D6_ARM_002,3,2022,0.5,0.003455654016694639,0.7881199637210835,0.21475384318953078,0.508767786117177,0.038338658146964855,0.9342148399082068,108,0.003933996284559064,0.44014889490311143,1.2947739078063283e-292,0.06450207359003615,0.040621180851430023,0.05175701529529661,0.058920047688006794,0.03892418178909328,0.14549821553456738,0.10946319351173721
D6_ARM_002,3,2023,0.5,0.0043629505806743315,0.7868568948404058,0.21030366543344425,0.5072469013216877,0.032432432432432434,0.9327596216234676,104,0.003551548680121572,0.439967486048734,1.917973e-318,0.06460695385314882,0.041726085110413966,0.05225965822057285,0.05919660888348294,0.03960680257001324,0.1412427672194365,0.10240510578390952
D6_ARM_002,3,2024,0.5,0.003427189148008579,0.7647312679791942,0.22311367262663223,0.5081016049879684,0.03572757722366952,0.9199196414773605,123,0.0038015762633286975,0.3931425200346606,0.0,0.06552819303562049,0.042103358374761805,0.05361406614878937,0.05953920504445231,0.039638012572657075,0.13511397355234883,0.09630222616949177
D6_ARM_002,4,2022,0.5,0.0036570878748005283,0.7885526181776026,0.21518863677114902,0.5092743534765792,0.0403611258629846,0.9341784140166831,113,0.00411612574217754,0.4414195368960672,2.163556397043503e-294,0.06448876994913595,0.040408432369985335,0.05119061499422502,0.058859318222457296,0.038631678914873714,0.1461730686476037,0.1082132645493597
D6_ARM_002,4,2023,0.5,0.002479269467196372,0.7869968789424074,0.20955779245330985,0.5076185261210505,0.034229828850855744,0.9325547245842297,114,0.003893043745517877,0.44277661585598127,0.0,0.06464469180477868,0.04154886905103093,0.05167472349142865,0.05920834635599633,0.03933593570092588,0.1416487936769148,0.10242260507012303
D6_ARM_002,4,2024,0.5,0.002714461488629694,0.7646278040709087,0.22299019083228638,0.5087305838579755,0.03851851851851852,0.9197651058569,136,0.004203368876526039,0.3924663062182922,0.0,0.06549449876154069,0.04179552856102521,0.05287185630084149,0.05947061782773587,0.039337339355207786,0.1354856988001441,0.09609604096639074
D6_ARM_002,5,2022,0.5,0.002788411639731834,0.7878485317839781,0.21461419081125493,0.508991867600873,0.039319872476089264,0.9341419881251594,112,0.004079699850653845,0.4402005679414663,1.096604481066486e-292,0.06457164231568774,0.04052948848422654,0.05173528223851543,0.05897361225581384,0.03866196417070878,0.14580000730311227,0.10819917658981623
D6_ARM_002,5,2023,0.5,0.002775087666636442,0.7868488954783857,0.20979278179922534,0.5074327137213691,0.03333333333333333,0.9326571731038487,109,0.003722296212819725,0.4408380438373369,9.075e-320,0.06473122675629953,0.04166048655362692,0.05219623812550532,0.059301906885960244,0.039425870947596225,0.141635813547351,0.10335950592750195
D6_ARM_002,5,2024,0.5,0.002990366614024916,0.7644279261486326,0.22305324433850693,0.5083909190344318,0.03710575139146568,0.9197960129809921,131,0.004048833256065523,0.3932431561301927,0.0,0.06562465933708096,0.04198234070729996,0.05355266120662463,0.05960779566757159,0.039472974205160063,0.13553432609930946,0.09618764779871737
D6_ARM_002,6,2022,0.5,0.0022408634760145707,0.7879811130535246,0.21465727814824237,0.5084463639801307,0.03725385843533795,0.9341055622336357,109,0.00397042217608276,0.44310171537328985,9.396150806772585e-297,0.064465993196792,0.041110789980317114,0.050077700387376994,0.05893437592406141,0.03913628517792649,0.14473069738636238,0.10678876801470029
D6_ARM_002,6,2023,0.5,0.0020253430408820375,0.785938861548216,0.20956139347359365,0.5074327137213691,0.03333333333333333,0.9326571731038487,109,0.003722296212819725,0.43878979062536116,1.1751054e-316,0.06461888124685627,0.042094351218177235,0.0503177626647557,0.0592671801851937,0.04022132830222787,0.14042402233364817,0.1017613964026122
D6_ARM_002,6,2024,0.5,0.0023653352552399694,0.7628822580985546,0.22126171437404207,0.5076612386102641,0.03422619047619048,0.9197651058569,124,0.0038324833874208005,0.3905483029431613,0.0,0.06537959061260024,0.04227043409887135,0.05147149572395857,0.05950703018913215,0.040029133501780265,0.13361260448761503,0.09459968459185317
D6_ARM_002,7,2022,0.5,0.0021599448955084235,0.7865520642707886,0.2120391079722488,0.5084268958494605,0.03723404255319149,0.934069136342112,110,0.004006848067606455,0.4400297103472125,1.8991330849758542e-292,0.06447574894037479,0.04120898281952877,0.04864261304179212,0.059059054731393286,0.03925894074856751,0.1430728999964608,0.10406595772323506
D6_ARM_002,7,2023,0.5,0.0021782428608849345,0.7850071583403375,0.20758996506178268,0.5058608343510668,0.027518427518427518,0.9324181265580712,104,0.003551548680121572,0.43964308115204137,5.9667e-318,0.0644215343403082,0.042019453633847785,0.04843628568506525,0.05920083670678125,0.04018989710841882,0.13837105359055615,0.10088837890260076
D6_ARM_002,7,2024,0.5,0.0024147555882144804,0.7609867267706047,0.21823625670359845,0.506837251939945,0.030665669409124907,0.9198887343532685,110,0.0033997836501313554,0.38804978636660153,1.399e-320,0.06497286039655967,0.04221536883368658,0.04955634612781298,0.05930248632024843,0.0401007929453603,0.13085668025123517,0.09174681733537136
D6_ARM_002,8,2022,0.5,0.0022502632387112727,0.7864921860202982,0.21124792707007617,0.5083879595881203,0.03719447396386823,0.9339962845590646,112,0.004079699850653845,0.43998120500469545,2.2194475379019582e-292,0.06453371570334755,0.04134242895161642,0.048685532838415924,0.059168936559515675,0.03970253010081765,0.1423775703649487,0.10334077435116762
D6_ARM_002,8,2023,0.5,0.0023990769688531314,0.7844883074130022,0.20587980238818543,0.5053612481594841,0.025590551181102362,0.9323839770515316,101,0.0034491001605026807,0.43601932282342754,1.784133121145e-312,0.06439767198136456,0.04215425143841829,0.048340029891631,0.05924575410281905,0.0402361072487395,0.13737294790781557,0.10105676208186405
D6_ARM_002,8,2024,0.5,0.002704137420480022,0.7609381171930438,0.2171939449109362,0.5070154761478969,0.03139013452914798,0.9198887343532685,112,0.0034615978983155615,0.3876806127933077,6.001e-320,0.06503181383616014,0.04246405540083354,0.04933400208110064,0.05940121113155717,0.04030672434573319,0.13045353192228618,0.09095437896191427
D6_ARM_002,9,2022,0.5,0.002344350998872957,0.7864656345697687,0.21113211559581346,0.5078813922287182,0.03516249334043687,0.9340327104505883,107,0.0038975703930353694,0.4386200197057079,1.7461095053092944e-290,0.06454867519977452,0.041321488503405106,0.048874318558646046,0.05917983790931299,0.03955226172086124,0.14245141425679336,0.10355258566568407
D6_ARM_002,9,2023,0.5,0.0025024426449327085,0.784538073858138,0.2063500241595761,0.5056201813547198,0.026561731431382195,0.9324181265580712,102,0.003483249667042311,0.43692426366866605,7.747940608e-314,0.06442823085139053,0.042116423797745994,0.04856283426470225,0.05926132248352527,0.04001739542297473,0.13761584228476734,0.1009379249728719
D6_ARM_002,9,2024,0.5,0.002747516242567926,0.7613262541310285,0.21744756395623605,0.5068540355323051,0.0306771417882529,0.9199196414773605,109,0.003368876526039252,0.38827222787813864,5.8e-321,0.06503484982917865,0.042362279687440545,0.049444119642704114,0.05939534593418668,0.04015868018323544,0.13055999044372849,0.09133190012091366
D6_ARM_002,10,2022,0.5,0.0023238592604535153,0.784855521172857,0.20985651317992499,0.5087483179865069,0.03831825439063331,0.9341784140166831,109,0.00397042217608276,0.43663981384507455,9.711059191986631e-288,0.06453676197231277,0.04191467360629841,0.048141397412715226,0.05924995785958757,0.039749176883148114,0.14124918571644898,0.10396473233235229
D6_ARM_002,10,2023,0.5,0.002533441299300478,0.7825557940827517,0.20540593531679954,0.5051388753620256,0.02464268112370626,0.9324181265580712,98,0.003346651640883789,0.428603658629867,1.92973119381399e-301,0.06440366431033899,0.0426856654152702,0.04781097353561822,0.059310410871445875,0.04048553362482646,0.13654797713302377,0.0996957291685383
D6_ARM_002,10,2024,0.5,0.0027836152347252775,0.7578207416504508,0.21562327767507766,0.5064640199316811,0.02920254586297267,0.9198578272291763,107,0.0033070622778550458,0.38206372570300073,2.04169431851377e-310,0.06502937427404389,0.04283952420571482,0.04926486098605238,0.05949410401372052,0.04049290288380789,0.12934342900309775,0.08988417493637829
D6_ARM_002,11,2022,0.5,0.002294413403530757,0.7606687775839762,0.17350933561440607,0.502133542137284,0.01,0.9350890613047754,30,0.0010927767457108513,0.3928373117613247,8.417362050684606e-231,0.06452155345125726,0.046491912515532335,0.05298566550595704,0.06071593187164991,0.04443675752560602,0.11974176759196663,0.09766799990123876
D6_ARM_002,11,2023,0.5,0.00265138081210711,0.7628525891577651,0.1787980090728954,0.5022602883723621,0.010209290454313425,0.9337841068196564,28,0.0009561861831096541,0.3968132283584787,1.078792698702644e-256,0.06506766147054789,0.047418777217637986,0.053172176243464805,0.06114074496976328,0.04553576874518539,0.12069118302904647,0.09667945297906526
D6_ARM_002,11,2024,0.5,0.0020325157997855836,0.7339646324935271,0.18091771447936789,0.5030066326348129,0.013782542113323124,0.9203832483387421,48,0.0014835419564209551,0.35002952969651124,4.2928049429923507e-259,0.06555733946892858,0.0475430357302391,0.05401607918744154,0.061493963857833844,0.04540310581035447,0.11276951685977255,0.0870825033204451
D6_ARM_002,12,2022,0.5,0.0018873614190330987,0.7600561254108381,0.17345309712261725,0.5016269747778819,0.007799442896935933,0.9351254871962992,25,0.000910647288092376,0.39195768222335287,9.9086515951836e-230,0.06447550803552196,0.04695450302367191,0.052606273087610046,0.060714192173481424,0.04480977355700654,0.11905283870489339,0.09770006433797615
D6_ARM_002,12,2023,0.5,0.0027415587469006276,0.7618132590305886,0.17916408214505203,0.5020744759726807,0.009211873080859774,0.9338865553392753,23,0.0007854386504115015,0.39261436796747207,4.362286651115796e-251,0.06498935213348019,0.04790138580801987,0.05308380369147671,0.06110224570173158,0.045868222626555294,0.12004897674310622,0.09555514756671189
D6_ARM_002,12,2024,0.5,0.0021079069902435557,0.732767917846384,0.18007305052849834,0.5028787592039414,0.01304181051016494,0.9204759697110184,43,0.001329006335960439,0.3458002607976495,1.0681916509454885e-252,0.0655201995559908,0.04806166780537227,0.0539989384619071,0.061519233771393296,0.045826184179154204,0.1120072399962966,0.08728922040226364
D6_ARM_003,0,2022,0.5,0.010974976082830412,0.7803314107882083,0.2078725654670034,0.5094105272930349,0.04051172707889126,0.9344286182652727,106,0.0038614258132672764,0.42792118950962227,7.850200618470734e-276,0.0644987693119877,0.04072464210257828,0.04993209662218975,0.059255073408607674,0.038796583913121914,0.14057976055193253,0.10172504778676235
D6_ARM_003,0,2023,0.5,0.010415619448701957,0.7789055681211667,0.20069572937732338,0.5065827405400014,0.030377266046055854,0.9324158185916263,110,0.003756574004507889,0.4243286931361128,3.4879421419829873e-295,0.06480505113105346,0.04168359271657514,0.04979013112580411,0.05978747944134552,0.03976598581353631,0.13587475764850657,0.09975829561594457
D6_ARM_003,0,2024,0.5,0.009258418703268718,0.7512725309249968,0.21433313492402795,0.5077591208870884,0.034892353377876766,0.9196389936329357,131,0.004048958397725165,0.3656911913564879,1.9988487083395828e-283,0.06583311966705845,0.04202803126805962,0.05062538367020154,0.06024211466704989,0.03982469363200812,0.1308200997510439,0.08916274662877406
D6_ARM_003,1,2022,0.5,0.010178074336484332,0.7799276961115925,0.207829707702216,0.5091280414173287,0.039466666666666664,0.9343921897198645,105,0.0038249972678590944,0.4275438743541192,2.533088538268256e-275,0.06449594519905383,0.04076726123793873,0.04968079953725637,0.05928289933122313,0.038885605363579434,0.14013223386106521,0.10147922201227638
D6_ARM_003,1,2023,0.5,0.010375668597743151,0.7788469671018801,0.2006962928255151,0.5068782354697258,0.03137254901960784,0.932518270609931,109,0.003722423331739635,0.425856636610876,2.0647288840872005e-297,0.06479995137662926,0.04166314321615132,0.04960063534635148,0.059809651335308224,0.039800206069630834,0.13548337780344027,0.09940686427475025
D6_ARM_003,1,2024,0.5,0.010839721225384239,0.7506293454230031,0.2141046275153017,0.5073689531149463,0.033432392273402674,0.9195771774741918,129,0.00398714223898127,0.36434293781336546,2.8357682747511966e-281,0.0658346319041233,0.04212464351718557,0.05040480825412651,0.060280281789755384,0.039959370497514905,0.13039555436106234,0.08875852008112353
D6_ARM_003,2,2022,0.5,0.00696775837746962,0.7797413154925369,0.2072184076559886,0.5085825393127369,0.03739316239316239,0.9343557611744563,102,0.003715711631634549,0.42407616525836217,1.1328785212987364e-270,0.06445208266033702,0.04081211012925406,0.04921382250537149,0.059259925852468136,0.03891389982250957,0.13978529112524132,0.10186866925706355
D6_ARM_003,2,2023,0.5,0.0066351709321166965,0.7783985320321597,0.2001391795160262,0.5068965163369702,0.03138793526238352,0.9325524212826992,108,0.0036882726589713816,0.42512975676260023,2.3759561802108127e-296,0.06475664012514021,0.04172011531035186,0.049414372934053166,0.059794011750648086,0.0397741058105995,0.13504812053463486,0.09912115263353194
D6_ARM_003,2,2024,0.5,0.005813917358850997,0.7503068489904823,0.21452236089154972,0.5082164230286708,0.036404160475482915,0.9198244421091674,129,0.00398714223898127,0.3625457902958827,2.027442580070591e-278,0.06579349059829033,0.04213389319960212,0.050191038843891006,0.0602383329400361,0.03988717865532699,0.1303637995319822,0.08903887519091049
D6_ARM_003,3,2022,0.5,0.005899628365842083,0.7767292181319831,0.2030087666850832,0.5077545513324389,0.034261241970021415,0.9342829040836399,98,0.0035699974500018215,0.4211181869160893,9.664177945734254e-267,0.06451724860974739,0.04094658079104013,0.04865501873994664,0.05948340074518815,0.03912035502217504,0.1375535463553665,0.09892591480979906
D6_ARM_003,3,2023,0.5,0.006304744695699034,0.7757465660986078,0.19699331576515078,0.5060831550167746,0.02845927379784102,0.932381667918858,107,0.003654121986203128,0.4209393578665033,2.8172522255806916e-290,0.06462141192878847,0.041642640613638815,0.04835395118508529,0.05982183063767605,0.03984036095501058,0.13260346676732593,0.09702636383432674
D6_ARM_003,3,2024,0.5,0.006174472699335212,0.7457777609032352,0.21026951111745068,0.5080884735120402,0.03572757722366952,0.9199171663472832,124,0.0038326018421215306,0.35743412230449323,2.17667171819697e-270,0.06548730174538543,0.04204045266721353,0.04923561286681556,0.060164303116546095,0.03993756052528573,0.12735911296339264,0.08744759512258624
D6_ARM_003,4,2022,0.5,0.00675819941773253,0.7766584454158001,0.2032518423114321,0.5074720654567326,0.03320835565077665,0.9342464755382318,97,0.0035335689045936395,0.42422195661370704,7.237366298556633e-271,0.06453470167058813,0.041163040975857726,0.04852742792633899,0.05952478312964228,0.03935951200718824,0.13722380791354288,0.09840369313378783
D6_ARM_003,4,2023,0.5,0.006533407524680715,0.7755399478036272,0.19673407726068404,0.505324636298312,0.025565388397246803,0.9323133665733215,103,0.003517519295130114,0.4217071542907657,2.199408639022295e-291,0.06466203786516701,0.04182192598320343,0.04823998621606977,0.0598955945213063,0.040020473580864385,0.13217472139594608,0.0967633093824381
D6_ARM_003,4,2024,0.5,0.0062639334045314545,0.7454833375337062,0.21020326810831652,0.5078933896259692,0.034996276991809384,0.9198862582679113,123,0.0038016937627495828,0.3555485056755064,1.8518930857776382e-267,0.0654848722169869,0.04221573546578292,0.049054752316805714,0.06018932732539161,0.04010527921664583,0.1270375752468409,0.08773719674981648
D6_ARM_003,5,2022,0.5,0.005579341956181691,0.7725444980428056,0.20027072910782379,0.5071311706405646,0.03210272873194221,0.934100761356599,99,0.0036064259954100035,0.4235776983005528,5.235178655480265e-270,0.06453466518211921,0.041682257578524215,0.047086935663301376,0.05969609138568867,0.03992187382346193,0.13473772375055587,0.09721864895009369
D6_ARM_003,5,2023,0.5,0.005727083589839086,0.7710413397340414,0.1943563753309198,0.504770208173352,0.02359882005899705,0.9321767638822485,103,0.003517519295130114,0.4121804272936397,8.200253979573783e-278,0.064685741308549,0.042344889553724244,0.04706348497994876,0.06008298952158061,0.040554055710751935,0.1298798708400727,0.09481041117213891
D6_ARM_003,5,2024,0.5,0.00565942173098713,0.7381660186855407,0.20563691648050833,0.5073417051524763,0.03282357329354718,0.9198553501885393,118,0.003647153365889844,0.3453775963179457,5.88285213919823e-252,0.06547984121853473,0.04277124901644976,0.04768838438200073,0.0604189987471534,0.04074602125890852,0.12430448346001784,0.08354847759724585
D6_ARM_003,6,2022,0.5,0.005567063349762727,0.7718494646507112,0.19895766938487064,0.505553073267251,0.025848142164781908,0.934100761356599,87,0.003169283450511821,0.4203564067347818,9.821673017140656e-266,0.06457231516265345,0.04157049299008252,0.0487074473664748,0.05974889877204078,0.03970328302472821,0.13455545433063307,0.09802217774276574
D6_ARM_003,6,2023,0.5,0.005493187223688186,0.7701623907140692,0.19174921492959213,0.5048616125095738,0.02365697387875801,0.9323475172460898,98,0.003346765931288846,0.4118366220244291,2.4928793843823634e-277,0.06467603532924007,0.042233898067081194,0.04858142440354803,0.06011890257376198,0.040422762426485834,0.12922400943337356,0.09496318886063598
D6_ARM_003,6,2024,0.5,0.005148630623061044,0.7371653682051023,0.20423453663878371,0.5058146012486285,0.026956196181205542,0.9196699017123076,108,0.0033380725721703654,0.3488698539217152,3.1915356466855882e-257,0.06551211176653597,0.04272809297408052,0.04877852962594574,0.06048017312138706,0.04064250553340448,0.12400079072776547,0.08401437220769871
D6_ARM_003,7,2022,0.5,0.004968475251586519,0.7709020958359816,0.19855360491724616,0.5047250852869529,0.02266594711279007,0.9340279042657826,83,0.0030235692688790937,0.41950537417251255,1.3019974373879063e-264,0.06450060376002331,0.04203493487573619,0.047743032411779296,0.059776146278748804,0.04017113035520896,0.1330479441987867,0.09694556059122533
D6_ARM_003,7,2023,0.5,0.004932759769045493,0.768286949821869,0.19083870471607547,0.50386244146312,0.019772614928324272,0.9322792159005533,92,0.003141861894679325,0.40730135754988744,5.269570290437197e-271,0.0646318194731979,0.042692367394778066,0.04752615807072963,0.06018559329319582,0.041003597910663325,0.12760889469289588,0.0942740385513555
D6_ARM_003,7,2024,0.5,0.004575527885988915,0.7343827887279166,0.2027401500568511,0.5052461331827757,0.024746906636670417,0.9196080855535637,104,0.003214440254682574,0.3427175508166643,5.5014722348470555e-248,0.06537780154796886,0.04303724077621723,0.04785150979018152,0.06049451257522587,0.04107455504992152,0.12213865281093665,0.08327885331685972
D6_ARM_004,0,2022,0.5,0.0178791614228464,0.766754390075364,0.19293349490712208,0.5033126559084218,0.017316017316017316,0.9338457615387418,78,0.0028414265418381843,0.3989923302791288,2.2575857596900493e-238,0.06450212965404274,0.04266137466194316,0.049091956269484475,0.059932097588420476,0.04093424738327517,0.13080890562988765,0.09772201302193916
D6_ARM_004,0,2023,0.5,0.017135980484520655,0.7625650951766704,0.18843906165955077,0.503530384798907,0.018756169792694965,0.932108462536712,95,0.003244313912984086,0.39735166183875686,2.0366388094475986e-257,0.0646609921362636,0.04407547218279441,0.04990773871446326,0.060306651657240966,0.04212686274070529,0.12633658325058159,0.09533170957135932
D6_ARM_004,0,2024,0.5,0.015508179890542867,0.7352557123378971,0.1989613824119812,0.5033959958762262,0.01735194266314598,0.9194844532360759,88,0.0027199109847314087,0.35018059813318,3.253000010413752e-259,0.06485001674884423,0.043710514627246316,0.04885069272858365,0.06013085943861451,0.04169135772552985,0.11970308558577514,0.08243380182707825
D6_ARM_004,1,2022,0.5,0.01074427241508181,0.7664496956025217,0.19309331982169622,0.5032931862616012,0.017306652244456464,0.9338093329933336,79,0.0028778550872463663,0.3984103528361995,1.1897617845633287e-237,0.06451708447909571,0.042738466616624865,0.048826643849511735,0.059960950471170865,0.040976778727548714,0.130622212986168,0.09671746665915025
D6_ARM_004,1,2023,0.5,0.010287606155534078,0.7626449402488293,0.18864476809083824,0.5037893179941426,0.01973359644795264,0.9321426132094802,96,0.0032784645857523395,0.3983284338526368,9.829362502982192e-259,0.064677393703843,0.04406900089491578,0.04975943633293585,0.06033080072497035,0.042222224986903,0.12624324795819086,0.09453124194233216
D6_ARM_004,1,2024,0.5,0.009083170941427708,0.7350809154471953,0.19913320334614154,0.5033624286915059,0.017338861666038447,0.919422637077332,90,0.0027817271434753045,0.3486541883615171,6.774923001444395e-257,0.06490380774149265,0.04384184972051747,0.04865657287697766,0.06018988517957493,0.041741725343001065,0.11969603054371311,0.08209352698792263
D6_ARM_004,2,2022,0.5,0.009908627530388136,0.7643602945042577,0.18985315041621875,0.5019391658235319,0.011950027159152634,0.9337364759025172,71,0.0025864267239809114,0.3930584439198273,4.524127298992135e-231,0.06453815206631829,0.04277082445823638,0.04743202542782816,0.06012056236123908,0.040912063080958426,0.12863313580424973,0.09533048253858675
D6_ARM_004,2,2023,0.5,0.01059924394697349,0.7604425454306059,0.18635127542761723,0.5030490801429244,0.016815034619188922,0.932108462536712,91,0.0031077112219110715,0.39574459278738655,2.927610189854395e-255,0.06451827763775547,0.04374777171022233,0.0480721108455015,0.06031421487056277,0.0420531926736652,0.12406531064940096,0.0935289508479622
D6_ARM_004,2,2024,0.5,0.010403424458331475,0.7301613059732969,0.19595498229418296,0.5030729624735246,0.015879017013232515,0.9195462693948198,82,0.002534462508499722,0.33278926030301387,1.8130478857417024e-233,0.06463801706535216,0.04387433515060671,0.04741870074941271,0.060117377339206364,0.041809343104700726,0.11718361912606594,0.08033154570680785
D6_ARM_004,3,2022,0.5,0.01242778419002403,0.7643238961645237,0.1898227916327174,0.5019391658235319,0.011950027159152634,0.9337364759025172,71,0.0025864267239809114,0.3938195201139051,5.322918394170201e-232,0.06455629499485666,0.04294530731755965,0.04739521622632044,0.06015322718344331,0.04102552108044785,0.1284405800032783,0.09544699280256203
D6_ARM_004,3,2023,0.5,0.01214772573154874,0.7604090699533526,0.1866892908751906,0.5030673610101687,0.01682335477486393,0.9321426132094802,90,0.003073560549142818,0.39456206397977867,1.1158511580484047e-253,0.06454755986658182,0.04386774042415188,0.04802913057430536,0.0603537156221153,0.04217523438428497,0.12394985605011578,0.0936455951968332
D6_ARM_004,3,2024,0.5,0.011691944660348891,0.730159177737824,0.19590920355731004,0.5031065296582448,0.015891032917139614,0.9196080855535637,80,0.002472646349755826,0.33278926030301387,1.8130478857417024e-233,0.06467082229494561,0.04397731092834889,0.04740567292947323,0.06015985256316081,0.04190828538952029,0.11710402529127859,0.08029926202615066
D6_ARM_004,4,2022,0.5,0.010518049561352539,0.7457261265280648,0.18374987971169793,0.503010700385895,0.016233766233766232,0.9337729044479254,78,0.0028414265418381843,0.3739345428273931,2.1152906129807383e-208,0.06457065999726952,0.04479435108663673,0.04245372270996086,0.06059331541982919,0.04330278464163923,0.12227810976746455,0.085635664922629
D6_ARM_004,4,2023,0.5,0.010843004764444537,0.7360241633871398,0.17993794188829176,0.501236547776275,0.009925558312655087,0.9318694078273342,84,0.002868656512533297,0.34892591905285,8.315569103394795e-197,0.06475863882765266,0.04547770334932265,0.04278222631259135,0.06100918977537575,0.044170790968444056,0.11786644878561528,0.08543341076285912
D6_ARM_004,4,2024,0.5,0.009799138935065933,0.6947044053151509,0.17983142434169613,0.50220870896744,0.012849584278155708,0.9192680966804723,83,0.0025653705878716697,0.2847121852272614,8.666644685452715e-170,0.06455279963983666,0.0455668283894225,0.04240461102707735,0.060838137943999546,0.044118498249979,0.10773012565649043,0.07110914983586336
D6_ARM_004,5,2022,0.5,0.01096173751216932,0.7293811270263557,0.17163612363953867,0.5008481616143483,0.007629427792915531,0.9336636188117009,65,0.0023678554515318205,0.33569263653557324,6.436056852501262e-167,0.06445950189844372,0.045803559291150604,0.03872721062704143,0.061048948463376544,0.04459509151393362,0.11394335656847777,0.07846219134301255
D6_ARM_004,5,2023,0.5,0.008437219537728205,0.7240240568260616,0.16939208850080412,0.5004019045350202,0.006,0.932108462536712,69,0.002356396421009494,0.32525466687062476,2.107646291287127e-170,0.06445528900043712,0.04690776484409735,0.03799983046443122,0.061218598203863564,0.045600601545852076,0.11030030711389305,0.07836380800459691
D6_ARM_004,5,2024,0.5,0.007834047657544597,0.6789720303103164,0.16787337674202402,0.5011389072051746,0.008352315869400152,0.9192680966804723,71,0.0021944736354082956,0.25241376936656623,5.267000540814829e-133,0.06415038689491644,0.04672601476104461,0.03785497940789551,0.06101079694230762,0.04553401875969319,0.10064337334757713,0.06780044748111246
D6_ARM_004,6,2022,0.5,0.006504674374312339,0.7286224597885794,0.1720324037556802,0.49996176469358844,0.004362050163576881,0.9334814760846599,64,0.0023314269061236385,0.331751804022275,6.289014225070786e-163,0.06455169553908824,0.045957530720162544,0.0389039514199175,0.06114121306551806,0.04472515865602629,0.11403452062595588,0.07932817232079256
D6_ARM_004,6,2023,0.5,0.008708765498150257,0.7224234916357979,0.16955916822989106,0.5003470619332872,0.005991013479780329,0.9320060105184073,72,0.0024588484393142547,0.32456929055523304,1.1418385566425528e-169,0.06461226055778743,0.04719898128330053,0.038091497869078034,0.06138691894507681,0.04591699356251839,0.11029652697376276,0.07702210855348983
D6_ARM_004,6,2024,0.5,0.007750581177518113,0.6785260765751173,0.1675058393062244,0.5011389072051746,0.008352315869400152,0.9192680966804723,71,0.0021944736354082956,0.2559604705079409,8.181755414260318e-137,0.06429208274047839,0.047040484049061124,0.038015217365370994,0.061179859783926004,0.04580425087839332,0.10046696924014763,0.06702467674298825
D6_ARM_004,7,2022,0.5,0.006398086726162946,0.7287616292640451,0.17178294371971917,0.5002442505692947,0.005449591280653951,0.9335179046300681,65,0.0023678554515318205,0.3353448888437164,1.4548371361429285e-166,0.06454404969778117,0.04597106010769029,0.038892441692142586,0.06113362967570555,0.04473812469472444,0.11402596867344464,0.07889858978638452
D6_ARM_004,7,2023,0.5,0.0053358330053100735,0.7228647412170468,0.16956826471376663,0.5003470619332872,0.005991013479780329,0.9320060105184073,72,0.0024588484393142547,0.3262146064754108,1.9640159804169534e-171,0.06461122932314978,0.04725262911467178,0.03804258018162005,0.06137913782563964,0.04596251671247969,0.11039110221201558,0.07704174984308373
D6_ARM_004,7,2024,0.5,0.004268417709591685,0.6785005770399435,0.16773992055646286,0.5009102561343833,0.007590132827324478,0.9191753724423565,72,0.0022253817147802435,0.25444125089796804,3.558023727535952e-135,0.06431348751411517,0.04700589312729027,0.037886876989606556,0.06119008297026927,0.0458001279223085,0.10061834306062838,0.06714955844090326
D6_ARM_004,8,2022,0.5,0.005560161993519712,0.7282727101330382,0.1721009896794931,0.5002637202161153,0.0054525627044711015,0.9335543331754763,64,0.0023314269061236385,0.33810524477085985,2.1877913752876586e-169,0.0645168878610784,0.046226189914482844,0.038872382862192224,0.06113238529499863,0.04490369165545129,0.11362276944271366,0.07807898540527514
D6_ARM_004,8,2023,0.5,0.0062627603294655105,0.721855440430587,0.16924002036279215,0.5000881287380515,0.004995004995004995,0.9319718598456389,71,0.002424697766546001,0.32482086785515596,6.1439717312410956e-170,0.06462289192804707,0.04743200901669342,0.03808600590299315,0.061428637876018065,0.046143537607325945,0.1098668290471798,0.07701350954822299
D6_ARM_004,8,2024,0.5,0.0044989351915980195,0.6765256923925981,0.1674720402738209,0.5009102561343833,0.007590132827324478,0.9191753724423565,72,0.0022253817147802435,0.25031967733907123,8.787988496560603e-131,0.06437227142684768,0.047347182991532094,0.03813686705192515,0.06127853601440025,0.046046378468804945,0.10033226817761685,0.06682714740151942
D6_ARM_004,9,2022,0.5,0.003629350644434753,0.723732608490482,0.16764900365762941,0.49975715740516463,0.0032804811372334607,0.9335907617208845,59,0.002149284179082729,0.3255612703185565,9.134089731518586e-157,0.06455862627072394,0.04708811285306951,0.03911119013286136,0.061336701676855676,0.04586601674116133,0.11130565762390515,0.07701431959742625
D6_ARM_004,9,2023,0.5,0.003410200492604192,0.7105834823020472,0.16095078945686564,0.49960682408206897,0.003003003003003003,0.9319718598456389,67,0.0022880950754729868,0.304222410767925,1.167510510446166e-148,0.06475544791819228,0.048096570329367955,0.03921467227739117,0.061794754623680254,0.046974804749325284,0.1066911922466223,0.07491339387076688
D6_ARM_004,9,2024,0.5,0.004586216225595551,0.6669734185222992,0.1592473309854776,0.5007823066177528,0.006844106463878327,0.9192680966804723,67,0.0020708413179205045,0.23402208228313648,3.7270304567581274e-114,0.06438509074372448,0.0479686778610352,0.03909962360460175,0.06156437708316915,0.046871766449279414,0.09717162241036671,0.06566150213247952
